tool,sample,precision,ref,tool_and_ref
pandora,063_STEC,0.9983777202679024,PRG,Pandora nanopore with denovo / PRG
pandora,CFT073,0.997926371317962,PRG,Pandora nanopore with denovo / PRG
pandora,MINF_1A,0.9975671892614664,PRG,Pandora nanopore with denovo / PRG
pandora,MINF_1D,0.9984417271621993,PRG,Pandora nanopore with denovo / PRG
pandora,MINF_7C,0.9979859111222102,PRG,Pandora nanopore with denovo / PRG
pandora,MINF_8D,0.9974702193401118,PRG,Pandora nanopore with denovo / PRG
pandora,MINF_9A,0.9982957219112044,PRG,Pandora nanopore with denovo / PRG
pandora,MSB1_1A,0.9979983905095896,PRG,Pandora nanopore with denovo / PRG
pandora,MSB1_3B,0.9975307338613704,PRG,Pandora nanopore with denovo / PRG
pandora,MSB1_4E,0.9980686871910682,PRG,Pandora nanopore with denovo / PRG
pandora,MSB1_4I,0.9972302228923544,PRG,Pandora nanopore with denovo / PRG
pandora,MSB1_6C,0.9981283744277596,PRG,Pandora nanopore with denovo / PRG
pandora,MSB1_7A,0.9980558131295532,PRG,Pandora nanopore with denovo / PRG
pandora,MSB1_7C,0.997601941278042,PRG,Pandora nanopore with denovo / PRG
pandora,MSB1_8B,0.997940868611588,PRG,Pandora nanopore with denovo / PRG
pandora,MSB1_8G,0.9978641390599574,PRG,Pandora nanopore with denovo / PRG
pandora,MSB1_9D,0.9984269625760538,PRG,Pandora nanopore with denovo / PRG
pandora,MSB2_1A,0.9984985974453296,PRG,Pandora nanopore with denovo / PRG
pandora,H131800734,0.9985984595175152,PRG,Pandora nanopore with denovo / PRG
pandora,ST38,0.9974152304360084,PRG,Pandora nanopore with denovo / PRG
medaka,063_STEC,0.8300059581620948,LF82 (NC_011993.1),Medaka / LF82 (NC_011993.1)
medaka,CFT073,0.8819682433093139,LF82 (NC_011993.1),Medaka / LF82 (NC_011993.1)
medaka,MINF_1A,0.8342922275804194,LF82 (NC_011993.1),Medaka / LF82 (NC_011993.1)
medaka,MINF_1D,0.8611553093004432,LF82 (NC_011993.1),Medaka / LF82 (NC_011993.1)
medaka,MINF_7C,0.8106883787188126,LF82 (NC_011993.1),Medaka / LF82 (NC_011993.1)
medaka,MINF_8D,0.7865793073380466,LF82 (NC_011993.1),Medaka / LF82 (NC_011993.1)
medaka,MINF_9A,0.8152056538035937,LF82 (NC_011993.1),Medaka / LF82 (NC_011993.1)
medaka,MSB1_1A,0.8194051956218104,LF82 (NC_011993.1),Medaka / LF82 (NC_011993.1)
medaka,MSB1_3B,0.8409763175355258,LF82 (NC_011993.1),Medaka / LF82 (NC_011993.1)
medaka,MSB1_4E,0.7655766077652363,LF82 (NC_011993.1),Medaka / LF82 (NC_011993.1)
medaka,MSB1_4I,0.8099951286352455,LF82 (NC_011993.1),Medaka / LF82 (NC_011993.1)
medaka,MSB1_6C,0.8176445285502716,LF82 (NC_011993.1),Medaka / LF82 (NC_011993.1)
medaka,MSB1_7A,0.8468600544262643,LF82 (NC_011993.1),Medaka / LF82 (NC_011993.1)
medaka,MSB1_7C,0.8257302296090141,LF82 (NC_011993.1),Medaka / LF82 (NC_011993.1)
medaka,MSB1_8B,0.8173077297830977,LF82 (NC_011993.1),Medaka / LF82 (NC_011993.1)
medaka,MSB1_8G,0.8139735320358706,LF82 (NC_011993.1),Medaka / LF82 (NC_011993.1)
medaka,MSB1_9D,0.8234693933234113,LF82 (NC_011993.1),Medaka / LF82 (NC_011993.1)
medaka,MSB2_1A,0.7984045149570459,LF82 (NC_011993.1),Medaka / LF82 (NC_011993.1)
medaka,H131800734,0.8879870494168499,LF82 (NC_011993.1),Medaka / LF82 (NC_011993.1)
medaka,ST38,0.8497320120532998,LF82 (NC_011993.1),Medaka / LF82 (NC_011993.1)
medaka,063_STEC,0.8072392592358691,JJ1886 (NC_022648.1),Medaka / JJ1886 (NC_022648.1)
medaka,CFT073,0.7815571554887699,JJ1886 (NC_022648.1),Medaka / JJ1886 (NC_022648.1)
medaka,MINF_1A,0.8128679614278053,JJ1886 (NC_022648.1),Medaka / JJ1886 (NC_022648.1)
medaka,MINF_1D,0.7585097868639903,JJ1886 (NC_022648.1),Medaka / JJ1886 (NC_022648.1)
medaka,MINF_7C,0.8312700988876477,JJ1886 (NC_022648.1),Medaka / JJ1886 (NC_022648.1)
medaka,MINF_8D,0.7766348997648396,JJ1886 (NC_022648.1),Medaka / JJ1886 (NC_022648.1)
medaka,MINF_9A,0.826630055693818,JJ1886 (NC_022648.1),Medaka / JJ1886 (NC_022648.1)
medaka,MSB1_1A,0.8098847729192399,JJ1886 (NC_022648.1),Medaka / JJ1886 (NC_022648.1)
medaka,MSB1_3B,0.8445368940161208,JJ1886 (NC_022648.1),Medaka / JJ1886 (NC_022648.1)
medaka,MSB1_4E,0.4951734212547503,JJ1886 (NC_022648.1),Medaka / JJ1886 (NC_022648.1)
medaka,MSB1_4I,0.8035032065948389,JJ1886 (NC_022648.1),Medaka / JJ1886 (NC_022648.1)
medaka,MSB1_6C,0.8266326089791005,JJ1886 (NC_022648.1),Medaka / JJ1886 (NC_022648.1)
medaka,MSB1_7A,0.8513889715221038,JJ1886 (NC_022648.1),Medaka / JJ1886 (NC_022648.1)
medaka,MSB1_7C,0.8185639352145355,JJ1886 (NC_022648.1),Medaka / JJ1886 (NC_022648.1)
medaka,MSB1_8B,0.8219331019050578,JJ1886 (NC_022648.1),Medaka / JJ1886 (NC_022648.1)
medaka,MSB1_8G,0.8265007134084756,JJ1886 (NC_022648.1),Medaka / JJ1886 (NC_022648.1)
medaka,MSB1_9D,0.8040220372730121,JJ1886 (NC_022648.1),Medaka / JJ1886 (NC_022648.1)
medaka,MSB2_1A,0.7420403450842079,JJ1886 (NC_022648.1),Medaka / JJ1886 (NC_022648.1)
medaka,H131800734,0.8758065274930553,JJ1886 (NC_022648.1),Medaka / JJ1886 (NC_022648.1)
medaka,ST38,0.8462962882777189,JJ1886 (NC_022648.1),Medaka / JJ1886 (NC_022648.1)
medaka,063_STEC,0.8728811242232205,C4 (CP010121.1),Medaka / C4 (CP010121.1)
medaka,CFT073,0.8227589311957563,C4 (CP010121.1),Medaka / C4 (CP010121.1)
medaka,MINF_1A,0.8319744750922791,C4 (CP010121.1),Medaka / C4 (CP010121.1)
medaka,MINF_1D,0.8184829297529126,C4 (CP010121.1),Medaka / C4 (CP010121.1)
medaka,MINF_7C,0.8039942982571573,C4 (CP010121.1),Medaka / C4 (CP010121.1)
medaka,MINF_8D,0.8029354149988477,C4 (CP010121.1),Medaka / C4 (CP010121.1)
medaka,MINF_9A,0.8277531516500772,C4 (CP010121.1),Medaka / C4 (CP010121.1)
medaka,MSB1_1A,0.8081304591277424,C4 (CP010121.1),Medaka / C4 (CP010121.1)
medaka,MSB1_3B,0.8354877259599132,C4 (CP010121.1),Medaka / C4 (CP010121.1)
medaka,MSB1_4E,0.8284214411131063,C4 (CP010121.1),Medaka / C4 (CP010121.1)
medaka,MSB1_4I,0.7941186798162099,C4 (CP010121.1),Medaka / C4 (CP010121.1)
medaka,MSB1_6C,0.8181840382858807,C4 (CP010121.1),Medaka / C4 (CP010121.1)
medaka,MSB1_7A,0.8473058979175316,C4 (CP010121.1),Medaka / C4 (CP010121.1)
medaka,MSB1_7C,0.8216834772439918,C4 (CP010121.1),Medaka / C4 (CP010121.1)
medaka,MSB1_8B,0.8138019619629868,C4 (CP010121.1),Medaka / C4 (CP010121.1)
medaka,MSB1_8G,0.8477002240780762,C4 (CP010121.1),Medaka / C4 (CP010121.1)
medaka,MSB1_9D,0.8234125949268427,C4 (CP010121.1),Medaka / C4 (CP010121.1)
medaka,MSB2_1A,0.8120321512247081,C4 (CP010121.1),Medaka / C4 (CP010121.1)
medaka,H131800734,0.8757198267982604,C4 (CP010121.1),Medaka / C4 (CP010121.1)
medaka,ST38,0.8266462882941412,C4 (CP010121.1),Medaka / C4 (CP010121.1)
medaka,063_STEC,0.8649062215968216,EcRV308Chr (NZ_LM995446.1),Medaka / EcRV308Chr (NZ_LM995446.1)
medaka,CFT073,0.8704126801883566,EcRV308Chr (NZ_LM995446.1),Medaka / EcRV308Chr (NZ_LM995446.1)
medaka,MINF_1A,0.8412014595079228,EcRV308Chr (NZ_LM995446.1),Medaka / EcRV308Chr (NZ_LM995446.1)
medaka,MINF_1D,0.8570470760677444,EcRV308Chr (NZ_LM995446.1),Medaka / EcRV308Chr (NZ_LM995446.1)
medaka,MINF_7C,0.8671676376066122,EcRV308Chr (NZ_LM995446.1),Medaka / EcRV308Chr (NZ_LM995446.1)
medaka,MINF_8D,0.5591732775625371,EcRV308Chr (NZ_LM995446.1),Medaka / EcRV308Chr (NZ_LM995446.1)
medaka,MINF_9A,0.8798639987325082,EcRV308Chr (NZ_LM995446.1),Medaka / EcRV308Chr (NZ_LM995446.1)
medaka,MSB1_1A,0.8335082080755362,EcRV308Chr (NZ_LM995446.1),Medaka / EcRV308Chr (NZ_LM995446.1)
medaka,MSB1_3B,0.8646348955209481,EcRV308Chr (NZ_LM995446.1),Medaka / EcRV308Chr (NZ_LM995446.1)
medaka,MSB1_4E,0.8561866046641319,EcRV308Chr (NZ_LM995446.1),Medaka / EcRV308Chr (NZ_LM995446.1)
medaka,MSB1_4I,0.8407125089201674,EcRV308Chr (NZ_LM995446.1),Medaka / EcRV308Chr (NZ_LM995446.1)
medaka,MSB1_6C,0.8675529907043242,EcRV308Chr (NZ_LM995446.1),Medaka / EcRV308Chr (NZ_LM995446.1)
medaka,MSB1_7A,0.8639053079150876,EcRV308Chr (NZ_LM995446.1),Medaka / EcRV308Chr (NZ_LM995446.1)
medaka,MSB1_7C,0.86889902006026,EcRV308Chr (NZ_LM995446.1),Medaka / EcRV308Chr (NZ_LM995446.1)
medaka,MSB1_8B,0.8524579799841621,EcRV308Chr (NZ_LM995446.1),Medaka / EcRV308Chr (NZ_LM995446.1)
medaka,MSB1_8G,0.8259074555065912,EcRV308Chr (NZ_LM995446.1),Medaka / EcRV308Chr (NZ_LM995446.1)
medaka,MSB1_9D,0.8000397720988154,EcRV308Chr (NZ_LM995446.1),Medaka / EcRV308Chr (NZ_LM995446.1)
medaka,MSB2_1A,0.8287345801449355,EcRV308Chr (NZ_LM995446.1),Medaka / EcRV308Chr (NZ_LM995446.1)
medaka,H131800734,0.8166737873244513,EcRV308Chr (NZ_LM995446.1),Medaka / EcRV308Chr (NZ_LM995446.1)
medaka,ST38,0.8745652028023797,EcRV308Chr (NZ_LM995446.1),Medaka / EcRV308Chr (NZ_LM995446.1)
medaka,063_STEC,0.8121837534040885,NCTC_13441 (NZ_LT632320.1),Medaka / NCTC_13441 (NZ_LT632320.1)
medaka,CFT073,0.7754813043259391,NCTC_13441 (NZ_LT632320.1),Medaka / NCTC_13441 (NZ_LT632320.1)
medaka,MINF_1A,0.8136391025730665,NCTC_13441 (NZ_LT632320.1),Medaka / NCTC_13441 (NZ_LT632320.1)
medaka,MINF_1D,0.7444805630942827,NCTC_13441 (NZ_LT632320.1),Medaka / NCTC_13441 (NZ_LT632320.1)
medaka,MINF_7C,0.8271149996720887,NCTC_13441 (NZ_LT632320.1),Medaka / NCTC_13441 (NZ_LT632320.1)
medaka,MINF_8D,0.7633818050759513,NCTC_13441 (NZ_LT632320.1),Medaka / NCTC_13441 (NZ_LT632320.1)
medaka,MINF_9A,0.8195677639788916,NCTC_13441 (NZ_LT632320.1),Medaka / NCTC_13441 (NZ_LT632320.1)
medaka,MSB1_1A,0.806983661641207,NCTC_13441 (NZ_LT632320.1),Medaka / NCTC_13441 (NZ_LT632320.1)
medaka,MSB1_3B,0.8398442348480033,NCTC_13441 (NZ_LT632320.1),Medaka / NCTC_13441 (NZ_LT632320.1)
medaka,MSB1_4E,0.6206125169875555,NCTC_13441 (NZ_LT632320.1),Medaka / NCTC_13441 (NZ_LT632320.1)
medaka,MSB1_4I,0.8096446762468401,NCTC_13441 (NZ_LT632320.1),Medaka / NCTC_13441 (NZ_LT632320.1)
medaka,MSB1_6C,0.8323204186462091,NCTC_13441 (NZ_LT632320.1),Medaka / NCTC_13441 (NZ_LT632320.1)
medaka,MSB1_7A,0.8420127413747474,NCTC_13441 (NZ_LT632320.1),Medaka / NCTC_13441 (NZ_LT632320.1)
medaka,MSB1_7C,0.8159172248278848,NCTC_13441 (NZ_LT632320.1),Medaka / NCTC_13441 (NZ_LT632320.1)
medaka,MSB1_8B,0.7956786617311845,NCTC_13441 (NZ_LT632320.1),Medaka / NCTC_13441 (NZ_LT632320.1)
medaka,MSB1_8G,0.8233000899609029,NCTC_13441 (NZ_LT632320.1),Medaka / NCTC_13441 (NZ_LT632320.1)
medaka,MSB1_9D,0.8011418243687288,NCTC_13441 (NZ_LT632320.1),Medaka / NCTC_13441 (NZ_LT632320.1)
medaka,MSB2_1A,0.7289177896113062,NCTC_13441 (NZ_LT632320.1),Medaka / NCTC_13441 (NZ_LT632320.1)
medaka,H131800734,0.8682003913559517,NCTC_13441 (NZ_LT632320.1),Medaka / NCTC_13441 (NZ_LT632320.1)
medaka,ST38,0.8361440973886644,NCTC_13441 (NZ_LT632320.1),Medaka / NCTC_13441 (NZ_LT632320.1)
medaka,063_STEC,0.8367378681578709,MRSN346595 (NZ_CP018109.1),Medaka / MRSN346595 (NZ_CP018109.1)
medaka,CFT073,0.8431142669646736,MRSN346595 (NZ_CP018109.1),Medaka / MRSN346595 (NZ_CP018109.1)
medaka,MINF_1A,0.7649772910776839,MRSN346595 (NZ_CP018109.1),Medaka / MRSN346595 (NZ_CP018109.1)
medaka,MINF_1D,0.7869356298606661,MRSN346595 (NZ_CP018109.1),Medaka / MRSN346595 (NZ_CP018109.1)
medaka,MINF_7C,0.7969884186109739,MRSN346595 (NZ_CP018109.1),Medaka / MRSN346595 (NZ_CP018109.1)
medaka,MINF_8D,0.6147703775743103,MRSN346595 (NZ_CP018109.1),Medaka / MRSN346595 (NZ_CP018109.1)
medaka,MINF_9A,0.8231926275914395,MRSN346595 (NZ_CP018109.1),Medaka / MRSN346595 (NZ_CP018109.1)
medaka,MSB1_1A,0.6252671520182316,MRSN346595 (NZ_CP018109.1),Medaka / MRSN346595 (NZ_CP018109.1)
medaka,MSB1_3B,0.8221457236753723,MRSN346595 (NZ_CP018109.1),Medaka / MRSN346595 (NZ_CP018109.1)
medaka,MSB1_4E,0.7914492154003954,MRSN346595 (NZ_CP018109.1),Medaka / MRSN346595 (NZ_CP018109.1)
medaka,MSB1_4I,0.8008194998612177,MRSN346595 (NZ_CP018109.1),Medaka / MRSN346595 (NZ_CP018109.1)
medaka,MSB1_6C,0.8550165340616993,MRSN346595 (NZ_CP018109.1),Medaka / MRSN346595 (NZ_CP018109.1)
medaka,MSB1_7A,0.8349540809699929,MRSN346595 (NZ_CP018109.1),Medaka / MRSN346595 (NZ_CP018109.1)
medaka,MSB1_7C,0.824874801572852,MRSN346595 (NZ_CP018109.1),Medaka / MRSN346595 (NZ_CP018109.1)
medaka,MSB1_8B,0.7794817482934772,MRSN346595 (NZ_CP018109.1),Medaka / MRSN346595 (NZ_CP018109.1)
medaka,MSB1_8G,0.5748594972280148,MRSN346595 (NZ_CP018109.1),Medaka / MRSN346595 (NZ_CP018109.1)
medaka,MSB1_9D,0.7646057334335296,MRSN346595 (NZ_CP018109.1),Medaka / MRSN346595 (NZ_CP018109.1)
medaka,MSB2_1A,0.7802204068536693,MRSN346595 (NZ_CP018109.1),Medaka / MRSN346595 (NZ_CP018109.1)
medaka,H131800734,0.8104899398867884,MRSN346595 (NZ_CP018109.1),Medaka / MRSN346595 (NZ_CP018109.1)
medaka,ST38,0.8549468215738594,MRSN346595 (NZ_CP018109.1),Medaka / MRSN346595 (NZ_CP018109.1)
medaka,063_STEC,0.8430874041600462,CE10 (NC_017646.1),Medaka / CE10 (NC_017646.1)
medaka,CFT073,0.8377652509204908,CE10 (NC_017646.1),Medaka / CE10 (NC_017646.1)
medaka,MINF_1A,0.7871028069691155,CE10 (NC_017646.1),Medaka / CE10 (NC_017646.1)
medaka,MINF_1D,0.8219961253427024,CE10 (NC_017646.1),Medaka / CE10 (NC_017646.1)
medaka,MINF_7C,0.8099153352754954,CE10 (NC_017646.1),Medaka / CE10 (NC_017646.1)
medaka,MINF_8D,0.7799808171056409,CE10 (NC_017646.1),Medaka / CE10 (NC_017646.1)
medaka,MINF_9A,0.8161581236419971,CE10 (NC_017646.1),Medaka / CE10 (NC_017646.1)
medaka,MSB1_1A,0.7944336561392855,CE10 (NC_017646.1),Medaka / CE10 (NC_017646.1)
medaka,MSB1_3B,0.8229465336100862,CE10 (NC_017646.1),Medaka / CE10 (NC_017646.1)
medaka,MSB1_4E,0.7939093622537879,CE10 (NC_017646.1),Medaka / CE10 (NC_017646.1)
medaka,MSB1_4I,0.789441380114129,CE10 (NC_017646.1),Medaka / CE10 (NC_017646.1)
medaka,MSB1_6C,0.8544926078815722,CE10 (NC_017646.1),Medaka / CE10 (NC_017646.1)
medaka,MSB1_7A,0.8153653514262035,CE10 (NC_017646.1),Medaka / CE10 (NC_017646.1)
medaka,MSB1_7C,0.8018582562715689,CE10 (NC_017646.1),Medaka / CE10 (NC_017646.1)
medaka,MSB1_8B,0.7925825914958404,CE10 (NC_017646.1),Medaka / CE10 (NC_017646.1)
medaka,MSB1_8G,0.8221681953462299,CE10 (NC_017646.1),Medaka / CE10 (NC_017646.1)
medaka,MSB1_9D,0.8231820081399568,CE10 (NC_017646.1),Medaka / CE10 (NC_017646.1)
medaka,MSB2_1A,0.8367986430629719,CE10 (NC_017646.1),Medaka / CE10 (NC_017646.1)
medaka,H131800734,0.8741888240061794,CE10 (NC_017646.1),Medaka / CE10 (NC_017646.1)
medaka,ST38,0.8285765984977455,CE10 (NC_017646.1),Medaka / CE10 (NC_017646.1)
medaka,063_STEC,0.8500900527875869,MRSN346647 (CP018206.1),Medaka / MRSN346647 (CP018206.1)
medaka,CFT073,0.8491900249589499,MRSN346647 (CP018206.1),Medaka / MRSN346647 (CP018206.1)
medaka,MINF_1A,0.8030087550752013,MRSN346647 (CP018206.1),Medaka / MRSN346647 (CP018206.1)
medaka,MINF_1D,0.8007633448204112,MRSN346647 (CP018206.1),Medaka / MRSN346647 (CP018206.1)
medaka,MINF_7C,0.7991152701129337,MRSN346647 (CP018206.1),Medaka / MRSN346647 (CP018206.1)
medaka,MINF_8D,0.7890301860674371,MRSN346647 (CP018206.1),Medaka / MRSN346647 (CP018206.1)
medaka,MINF_9A,0.8194506219412087,MRSN346647 (CP018206.1),Medaka / MRSN346647 (CP018206.1)
medaka,MSB1_1A,0.7952807808421055,MRSN346647 (CP018206.1),Medaka / MRSN346647 (CP018206.1)
medaka,MSB1_3B,0.7087155599846174,MRSN346647 (CP018206.1),Medaka / MRSN346647 (CP018206.1)
medaka,MSB1_4E,0.8206722680186909,MRSN346647 (CP018206.1),Medaka / MRSN346647 (CP018206.1)
medaka,MSB1_4I,0.7942095387564442,MRSN346647 (CP018206.1),Medaka / MRSN346647 (CP018206.1)
medaka,MSB1_6C,0.7072456684251587,MRSN346647 (CP018206.1),Medaka / MRSN346647 (CP018206.1)
medaka,MSB1_7A,0.719890972616158,MRSN346647 (CP018206.1),Medaka / MRSN346647 (CP018206.1)
medaka,MSB1_7C,0.8110302568839097,MRSN346647 (CP018206.1),Medaka / MRSN346647 (CP018206.1)
medaka,MSB1_8B,0.8012052713711515,MRSN346647 (CP018206.1),Medaka / MRSN346647 (CP018206.1)
medaka,MSB1_8G,0.82101700159031,MRSN346647 (CP018206.1),Medaka / MRSN346647 (CP018206.1)
medaka,MSB1_9D,0.8331530099810766,MRSN346647 (CP018206.1),Medaka / MRSN346647 (CP018206.1)
medaka,MSB2_1A,0.7784619838366681,MRSN346647 (CP018206.1),Medaka / MRSN346647 (CP018206.1)
medaka,H131800734,0.8714190230188306,MRSN346647 (CP018206.1),Medaka / MRSN346647 (CP018206.1)
medaka,ST38,0.7260009589886922,MRSN346647 (CP018206.1),Medaka / MRSN346647 (CP018206.1)
medaka,063_STEC,0.853684456528973,VR50 (NZ_CP011134.1),Medaka / VR50 (NZ_CP011134.1)
medaka,CFT073,0.848109218769145,VR50 (NZ_CP011134.1),Medaka / VR50 (NZ_CP011134.1)
medaka,MINF_1A,0.8141152277370353,VR50 (NZ_CP011134.1),Medaka / VR50 (NZ_CP011134.1)
medaka,MINF_1D,0.7932126006415385,VR50 (NZ_CP011134.1),Medaka / VR50 (NZ_CP011134.1)
medaka,MINF_7C,0.8198365215425627,VR50 (NZ_CP011134.1),Medaka / VR50 (NZ_CP011134.1)
medaka,MINF_8D,0.5176897036864068,VR50 (NZ_CP011134.1),Medaka / VR50 (NZ_CP011134.1)
medaka,MINF_9A,0.870563149938965,VR50 (NZ_CP011134.1),Medaka / VR50 (NZ_CP011134.1)
medaka,MSB1_1A,0.7332780666754238,VR50 (NZ_CP011134.1),Medaka / VR50 (NZ_CP011134.1)
medaka,MSB1_3B,0.8529368692038697,VR50 (NZ_CP011134.1),Medaka / VR50 (NZ_CP011134.1)
medaka,MSB1_4E,0.8255061791233943,VR50 (NZ_CP011134.1),Medaka / VR50 (NZ_CP011134.1)
medaka,MSB1_4I,0.8241714860990795,VR50 (NZ_CP011134.1),Medaka / VR50 (NZ_CP011134.1)
medaka,MSB1_6C,0.8589724842472927,VR50 (NZ_CP011134.1),Medaka / VR50 (NZ_CP011134.1)
medaka,MSB1_7C,0.8383391482970722,VR50 (NZ_CP011134.1),Medaka / VR50 (NZ_CP011134.1)
medaka,MSB1_8B,0.8182804691644385,VR50 (NZ_CP011134.1),Medaka / VR50 (NZ_CP011134.1)
medaka,MSB1_8G,0.7086685824271649,VR50 (NZ_CP011134.1),Medaka / VR50 (NZ_CP011134.1)
medaka,MSB1_9D,0.7422997676300891,VR50 (NZ_CP011134.1),Medaka / VR50 (NZ_CP011134.1)
medaka,MSB2_1A,0.8084349846273788,VR50 (NZ_CP011134.1),Medaka / VR50 (NZ_CP011134.1)
medaka,H131800734,0.817000600959251,VR50 (NZ_CP011134.1),Medaka / VR50 (NZ_CP011134.1)
medaka,ST38,0.8459830057684021,VR50 (NZ_CP011134.1),Medaka / VR50 (NZ_CP011134.1)
medaka,063_STEC,0.8630054384907558,ST648 (NZ_CP008697.1),Medaka / ST648 (NZ_CP008697.1)
medaka,CFT073,0.8463192494169499,ST648 (NZ_CP008697.1),Medaka / ST648 (NZ_CP008697.1)
medaka,MINF_1A,0.8131907742509303,ST648 (NZ_CP008697.1),Medaka / ST648 (NZ_CP008697.1)
medaka,MINF_1D,0.8020921223361815,ST648 (NZ_CP008697.1),Medaka / ST648 (NZ_CP008697.1)
medaka,MINF_7C,0.8103986501355267,ST648 (NZ_CP008697.1),Medaka / ST648 (NZ_CP008697.1)
medaka,MINF_8D,0.8080108909444822,ST648 (NZ_CP008697.1),Medaka / ST648 (NZ_CP008697.1)
medaka,MINF_9A,0.7044209174149266,ST648 (NZ_CP008697.1),Medaka / ST648 (NZ_CP008697.1)
medaka,MSB1_1A,0.7896256274453162,ST648 (NZ_CP008697.1),Medaka / ST648 (NZ_CP008697.1)
medaka,MSB1_3B,0.8360329900861426,ST648 (NZ_CP008697.1),Medaka / ST648 (NZ_CP008697.1)
medaka,MSB1_4E,0.8178525139554943,ST648 (NZ_CP008697.1),Medaka / ST648 (NZ_CP008697.1)
medaka,MSB1_4I,0.8145355769687004,ST648 (NZ_CP008697.1),Medaka / ST648 (NZ_CP008697.1)
medaka,MSB1_6C,0.8333873727035672,ST648 (NZ_CP008697.1),Medaka / ST648 (NZ_CP008697.1)
medaka,MSB1_7A,0.8348847506851099,ST648 (NZ_CP008697.1),Medaka / ST648 (NZ_CP008697.1)
medaka,MSB1_7C,0.8184367712293675,ST648 (NZ_CP008697.1),Medaka / ST648 (NZ_CP008697.1)
medaka,MSB1_8B,0.630558027963,ST648 (NZ_CP008697.1),Medaka / ST648 (NZ_CP008697.1)
medaka,MSB1_8G,0.8338982126166027,ST648 (NZ_CP008697.1),Medaka / ST648 (NZ_CP008697.1)
medaka,MSB1_9D,0.8376086571063935,ST648 (NZ_CP008697.1),Medaka / ST648 (NZ_CP008697.1)
medaka,MSB2_1A,0.820744381705983,ST648 (NZ_CP008697.1),Medaka / ST648 (NZ_CP008697.1)
medaka,H131800734,0.8775886123660567,ST648 (NZ_CP008697.1),Medaka / ST648 (NZ_CP008697.1)
medaka,ST38,0.8587495107111379,ST648 (NZ_CP008697.1),Medaka / ST648 (NZ_CP008697.1)
medaka,063_STEC,0.8798754674181873,S21 (CP010230.1),Medaka / S21 (CP010230.1)
medaka,CFT073,0.8465334612804614,S21 (CP010230.1),Medaka / S21 (CP010230.1)
medaka,MINF_1A,0.8292421651816899,S21 (CP010230.1),Medaka / S21 (CP010230.1)
medaka,MINF_1D,0.8207760667133422,S21 (CP010230.1),Medaka / S21 (CP010230.1)
medaka,MINF_7C,0.8200130414897248,S21 (CP010230.1),Medaka / S21 (CP010230.1)
medaka,MINF_8D,0.7659282436219889,S21 (CP010230.1),Medaka / S21 (CP010230.1)
medaka,MINF_9A,0.8460588723006436,S21 (CP010230.1),Medaka / S21 (CP010230.1)
medaka,MSB1_1A,0.7836174909573485,S21 (CP010230.1),Medaka / S21 (CP010230.1)
medaka,MSB1_3B,0.8665455076647401,S21 (CP010230.1),Medaka / S21 (CP010230.1)
medaka,MSB1_4E,0.8169582478680376,S21 (CP010230.1),Medaka / S21 (CP010230.1)
medaka,MSB1_4I,0.8229663832901755,S21 (CP010230.1),Medaka / S21 (CP010230.1)
medaka,MSB1_6C,0.8482421896345459,S21 (CP010230.1),Medaka / S21 (CP010230.1)
medaka,MSB1_7A,0.8647758855497371,S21 (CP010230.1),Medaka / S21 (CP010230.1)
medaka,MSB1_7C,0.8319885700112337,S21 (CP010230.1),Medaka / S21 (CP010230.1)
medaka,MSB1_8B,0.8408312976652005,S21 (CP010230.1),Medaka / S21 (CP010230.1)
medaka,MSB1_8G,0.792618560012511,S21 (CP010230.1),Medaka / S21 (CP010230.1)
medaka,MSB1_9D,0.7904096866274495,S21 (CP010230.1),Medaka / S21 (CP010230.1)
medaka,MSB2_1A,0.7984872402236921,S21 (CP010230.1),Medaka / S21 (CP010230.1)
medaka,H131800734,0.8607342964830521,S21 (CP010230.1),Medaka / S21 (CP010230.1)
medaka,ST38,0.8681785840544086,S21 (CP010230.1),Medaka / S21 (CP010230.1)
medaka,063_STEC,0.8697593193587754,SMS-3-5 (NC_010498.1),Medaka / SMS-3-5 (NC_010498.1)
medaka,CFT073,0.8161947798062369,SMS-3-5 (NC_010498.1),Medaka / SMS-3-5 (NC_010498.1)
medaka,MINF_1A,0.6433767772234839,SMS-3-5 (NC_010498.1),Medaka / SMS-3-5 (NC_010498.1)
medaka,MINF_1D,0.8199737874646689,SMS-3-5 (NC_010498.1),Medaka / SMS-3-5 (NC_010498.1)
medaka,MINF_7C,0.8288482703540168,SMS-3-5 (NC_010498.1),Medaka / SMS-3-5 (NC_010498.1)
medaka,MINF_8D,0.7870138318048653,SMS-3-5 (NC_010498.1),Medaka / SMS-3-5 (NC_010498.1)
medaka,MINF_9A,0.8572870834588471,SMS-3-5 (NC_010498.1),Medaka / SMS-3-5 (NC_010498.1)
medaka,MSB1_1A,0.7860321877389783,SMS-3-5 (NC_010498.1),Medaka / SMS-3-5 (NC_010498.1)
medaka,MSB1_3B,0.8276311519588748,SMS-3-5 (NC_010498.1),Medaka / SMS-3-5 (NC_010498.1)
medaka,MSB1_4E,0.8023525530634911,SMS-3-5 (NC_010498.1),Medaka / SMS-3-5 (NC_010498.1)
medaka,MSB1_4I,0.8125760011987645,SMS-3-5 (NC_010498.1),Medaka / SMS-3-5 (NC_010498.1)
medaka,MSB1_6C,0.8312533851234738,SMS-3-5 (NC_010498.1),Medaka / SMS-3-5 (NC_010498.1)
medaka,MSB1_7A,0.8264056605580191,SMS-3-5 (NC_010498.1),Medaka / SMS-3-5 (NC_010498.1)
medaka,MSB1_7C,0.8349759023109559,SMS-3-5 (NC_010498.1),Medaka / SMS-3-5 (NC_010498.1)
medaka,MSB1_8B,0.7881708901734689,SMS-3-5 (NC_010498.1),Medaka / SMS-3-5 (NC_010498.1)
medaka,MSB1_8G,0.8046978088850847,SMS-3-5 (NC_010498.1),Medaka / SMS-3-5 (NC_010498.1)
medaka,MSB1_9D,0.8317325689765834,SMS-3-5 (NC_010498.1),Medaka / SMS-3-5 (NC_010498.1)
medaka,MSB2_1A,0.8114742918170339,SMS-3-5 (NC_010498.1),Medaka / SMS-3-5 (NC_010498.1)
medaka,H131800734,0.8683417429728917,SMS-3-5 (NC_010498.1),Medaka / SMS-3-5 (NC_010498.1)
medaka,ST38,0.845614295058985,SMS-3-5 (NC_010498.1),Medaka / SMS-3-5 (NC_010498.1)
medaka,063_STEC,0.8449151148593846,09-00049 (NZ_CP015228.1),Medaka / 09-00049 (NZ_CP015228.1)
medaka,CFT073,0.8251445845782898,09-00049 (NZ_CP015228.1),Medaka / 09-00049 (NZ_CP015228.1)
medaka,MINF_1A,0.8087003397403411,09-00049 (NZ_CP015228.1),Medaka / 09-00049 (NZ_CP015228.1)
medaka,MINF_1D,0.7962718297764727,09-00049 (NZ_CP015228.1),Medaka / 09-00049 (NZ_CP015228.1)
medaka,MINF_7C,0.7650245571601741,09-00049 (NZ_CP015228.1),Medaka / 09-00049 (NZ_CP015228.1)
medaka,MINF_8D,0.7262013005814476,09-00049 (NZ_CP015228.1),Medaka / 09-00049 (NZ_CP015228.1)
medaka,MINF_9A,0.8265023947050468,09-00049 (NZ_CP015228.1),Medaka / 09-00049 (NZ_CP015228.1)
medaka,MSB1_1A,0.7740957633339096,09-00049 (NZ_CP015228.1),Medaka / 09-00049 (NZ_CP015228.1)
medaka,MSB1_3B,0.8392499611111989,09-00049 (NZ_CP015228.1),Medaka / 09-00049 (NZ_CP015228.1)
medaka,MSB1_4E,0.8021940252874923,09-00049 (NZ_CP015228.1),Medaka / 09-00049 (NZ_CP015228.1)
medaka,MSB1_4I,0.7880024804995115,09-00049 (NZ_CP015228.1),Medaka / 09-00049 (NZ_CP015228.1)
medaka,MSB1_6C,0.8295332688778441,09-00049 (NZ_CP015228.1),Medaka / 09-00049 (NZ_CP015228.1)
medaka,MSB1_7A,0.8490792302963311,09-00049 (NZ_CP015228.1),Medaka / 09-00049 (NZ_CP015228.1)
medaka,MSB1_7C,0.7878196303457342,09-00049 (NZ_CP015228.1),Medaka / 09-00049 (NZ_CP015228.1)
medaka,MSB1_8B,0.8100200722129007,09-00049 (NZ_CP015228.1),Medaka / 09-00049 (NZ_CP015228.1)
medaka,MSB1_8G,0.7945173300296469,09-00049 (NZ_CP015228.1),Medaka / 09-00049 (NZ_CP015228.1)
medaka,MSB1_9D,0.7807016039661115,09-00049 (NZ_CP015228.1),Medaka / 09-00049 (NZ_CP015228.1)
medaka,MSB2_1A,0.7627212704846272,09-00049 (NZ_CP015228.1),Medaka / 09-00049 (NZ_CP015228.1)
medaka,H131800734,0.8442611752068747,09-00049 (NZ_CP015228.1),Medaka / 09-00049 (NZ_CP015228.1)
medaka,ST38,0.8244384982678105,09-00049 (NZ_CP015228.1),Medaka / 09-00049 (NZ_CP015228.1)
medaka,063_STEC,0.8625910998600959,ECONIH1 (NZ_CP009859.1),Medaka / ECONIH1 (NZ_CP009859.1)
medaka,CFT073,0.8137047133252995,ECONIH1 (NZ_CP009859.1),Medaka / ECONIH1 (NZ_CP009859.1)
medaka,MINF_1A,0.7952910216724176,ECONIH1 (NZ_CP009859.1),Medaka / ECONIH1 (NZ_CP009859.1)
medaka,MINF_1D,0.7793585860757029,ECONIH1 (NZ_CP009859.1),Medaka / ECONIH1 (NZ_CP009859.1)
medaka,MINF_7C,0.7973659802859754,ECONIH1 (NZ_CP009859.1),Medaka / ECONIH1 (NZ_CP009859.1)
medaka,MINF_8D,0.7573358990587788,ECONIH1 (NZ_CP009859.1),Medaka / ECONIH1 (NZ_CP009859.1)
medaka,MINF_9A,0.7222778882166807,ECONIH1 (NZ_CP009859.1),Medaka / ECONIH1 (NZ_CP009859.1)
medaka,MSB1_1A,0.7826459571293461,ECONIH1 (NZ_CP009859.1),Medaka / ECONIH1 (NZ_CP009859.1)
medaka,MSB1_3B,0.8154083299572398,ECONIH1 (NZ_CP009859.1),Medaka / ECONIH1 (NZ_CP009859.1)
medaka,MSB1_4E,0.8029190243117705,ECONIH1 (NZ_CP009859.1),Medaka / ECONIH1 (NZ_CP009859.1)
medaka,MSB1_4I,0.7504936890515154,ECONIH1 (NZ_CP009859.1),Medaka / ECONIH1 (NZ_CP009859.1)
medaka,MSB1_6C,0.8146857033037916,ECONIH1 (NZ_CP009859.1),Medaka / ECONIH1 (NZ_CP009859.1)
medaka,MSB1_7A,0.8252300518066334,ECONIH1 (NZ_CP009859.1),Medaka / ECONIH1 (NZ_CP009859.1)
medaka,MSB1_7C,0.8030538948967767,ECONIH1 (NZ_CP009859.1),Medaka / ECONIH1 (NZ_CP009859.1)
medaka,MSB1_8B,0.6401613696772299,ECONIH1 (NZ_CP009859.1),Medaka / ECONIH1 (NZ_CP009859.1)
medaka,MSB1_8G,0.8292477978621726,ECONIH1 (NZ_CP009859.1),Medaka / ECONIH1 (NZ_CP009859.1)
medaka,MSB1_9D,0.8060485003254667,ECONIH1 (NZ_CP009859.1),Medaka / ECONIH1 (NZ_CP009859.1)
medaka,MSB2_1A,0.7877935488935247,ECONIH1 (NZ_CP009859.1),Medaka / ECONIH1 (NZ_CP009859.1)
medaka,H131800734,0.8672681823092212,ECONIH1 (NZ_CP009859.1),Medaka / ECONIH1 (NZ_CP009859.1)
medaka,ST38,0.8402305713017582,ECONIH1 (NZ_CP009859.1),Medaka / ECONIH1 (NZ_CP009859.1)
medaka,063_STEC,0.8070893044957057,EC958 (NZ_HG941718.1),Medaka / EC958 (NZ_HG941718.1)
medaka,CFT073,0.7870971887529349,EC958 (NZ_HG941718.1),Medaka / EC958 (NZ_HG941718.1)
medaka,MINF_1A,0.8129857547836069,EC958 (NZ_HG941718.1),Medaka / EC958 (NZ_HG941718.1)
medaka,MINF_1D,0.7521073038418479,EC958 (NZ_HG941718.1),Medaka / EC958 (NZ_HG941718.1)
medaka,MINF_7C,0.8269635004753311,EC958 (NZ_HG941718.1),Medaka / EC958 (NZ_HG941718.1)
medaka,MINF_8D,0.7732461076898981,EC958 (NZ_HG941718.1),Medaka / EC958 (NZ_HG941718.1)
medaka,MINF_9A,0.8201624947369207,EC958 (NZ_HG941718.1),Medaka / EC958 (NZ_HG941718.1)
medaka,MSB1_1A,0.8093517453621741,EC958 (NZ_HG941718.1),Medaka / EC958 (NZ_HG941718.1)
medaka,MSB1_3B,0.8367058620532458,EC958 (NZ_HG941718.1),Medaka / EC958 (NZ_HG941718.1)
medaka,MSB1_4E,0.6012694134675304,EC958 (NZ_HG941718.1),Medaka / EC958 (NZ_HG941718.1)
medaka,MSB1_4I,0.8114988616768167,EC958 (NZ_HG941718.1),Medaka / EC958 (NZ_HG941718.1)
medaka,MSB1_6C,0.8302670514585307,EC958 (NZ_HG941718.1),Medaka / EC958 (NZ_HG941718.1)
medaka,MSB1_7A,0.8439259920986762,EC958 (NZ_HG941718.1),Medaka / EC958 (NZ_HG941718.1)
medaka,MSB1_7C,0.8256698375207641,EC958 (NZ_HG941718.1),Medaka / EC958 (NZ_HG941718.1)
medaka,MSB1_8B,0.8043690633365903,EC958 (NZ_HG941718.1),Medaka / EC958 (NZ_HG941718.1)
medaka,MSB1_8G,0.8270184799945087,EC958 (NZ_HG941718.1),Medaka / EC958 (NZ_HG941718.1)
medaka,MSB1_9D,0.8038674299882848,EC958 (NZ_HG941718.1),Medaka / EC958 (NZ_HG941718.1)
medaka,MSB2_1A,0.7375218167800531,EC958 (NZ_HG941718.1),Medaka / EC958 (NZ_HG941718.1)
medaka,H131800734,0.8691400190836427,EC958 (NZ_HG941718.1),Medaka / EC958 (NZ_HG941718.1)
medaka,ST38,0.840152608071987,EC958 (NZ_HG941718.1),Medaka / EC958 (NZ_HG941718.1)
medaka,063_STEC,0.8617739541850551,UMN026 (CU928163.2),Medaka / UMN026 (CU928163.2)
medaka,CFT073,0.8113388617184152,UMN026 (CU928163.2),Medaka / UMN026 (CU928163.2)
medaka,MINF_1A,0.8130380236274851,UMN026 (CU928163.2),Medaka / UMN026 (CU928163.2)
medaka,MINF_1D,0.7975486737255097,UMN026 (CU928163.2),Medaka / UMN026 (CU928163.2)
medaka,MINF_7C,0.8035340730078845,UMN026 (CU928163.2),Medaka / UMN026 (CU928163.2)
medaka,MINF_8D,0.7833873405642752,UMN026 (CU928163.2),Medaka / UMN026 (CU928163.2)
medaka,MINF_9A,0.8207123354624613,UMN026 (CU928163.2),Medaka / UMN026 (CU928163.2)
medaka,MSB1_1A,0.8098377298588744,UMN026 (CU928163.2),Medaka / UMN026 (CU928163.2)
medaka,MSB1_3B,0.8239833922733866,UMN026 (CU928163.2),Medaka / UMN026 (CU928163.2)
medaka,MSB1_4E,0.8118129118840882,UMN026 (CU928163.2),Medaka / UMN026 (CU928163.2)
medaka,MSB1_4I,0.7809914740745046,UMN026 (CU928163.2),Medaka / UMN026 (CU928163.2)
medaka,MSB1_6C,0.8172889321208813,UMN026 (CU928163.2),Medaka / UMN026 (CU928163.2)
medaka,MSB1_7A,0.8222225137180728,UMN026 (CU928163.2),Medaka / UMN026 (CU928163.2)
medaka,MSB1_7C,0.5846619601219186,UMN026 (CU928163.2),Medaka / UMN026 (CU928163.2)
medaka,MSB1_8B,0.7870734335685088,UMN026 (CU928163.2),Medaka / UMN026 (CU928163.2)
medaka,MSB1_8G,0.830833871633215,UMN026 (CU928163.2),Medaka / UMN026 (CU928163.2)
medaka,MSB1_9D,0.8177689237930118,UMN026 (CU928163.2),Medaka / UMN026 (CU928163.2)
medaka,MSB2_1A,0.8231532489921192,UMN026 (CU928163.2),Medaka / UMN026 (CU928163.2)
medaka,H131800734,0.8795444780534631,UMN026 (CU928163.2),Medaka / UMN026 (CU928163.2)
medaka,ST38,0.8246730502436661,UMN026 (CU928163.2),Medaka / UMN026 (CU928163.2)
medaka,063_STEC,0.7992383232439422,S88 (NC_011742.1),Medaka / S88 (NC_011742.1)
medaka,CFT073,0.8069660745642985,S88 (NC_011742.1),Medaka / S88 (NC_011742.1)
medaka,MINF_1A,0.8186394104180931,S88 (NC_011742.1),Medaka / S88 (NC_011742.1)
medaka,MINF_1D,0.771406271890629,S88 (NC_011742.1),Medaka / S88 (NC_011742.1)
medaka,MINF_7C,0.8240491102712759,S88 (NC_011742.1),Medaka / S88 (NC_011742.1)
medaka,MINF_8D,0.7675084525026539,S88 (NC_011742.1),Medaka / S88 (NC_011742.1)
medaka,MINF_9A,0.8184405045058054,S88 (NC_011742.1),Medaka / S88 (NC_011742.1)
medaka,MSB1_1A,0.7900227705913854,S88 (NC_011742.1),Medaka / S88 (NC_011742.1)
medaka,MSB1_3B,0.8302867792406415,S88 (NC_011742.1),Medaka / S88 (NC_011742.1)
medaka,MSB1_4E,0.7272680820712372,S88 (NC_011742.1),Medaka / S88 (NC_011742.1)
medaka,MSB1_4I,0.8240930003479552,S88 (NC_011742.1),Medaka / S88 (NC_011742.1)
medaka,MSB1_6C,0.8183410537867658,S88 (NC_011742.1),Medaka / S88 (NC_011742.1)
medaka,MSB1_7A,0.8308253976724468,S88 (NC_011742.1),Medaka / S88 (NC_011742.1)
medaka,MSB1_7C,0.8103139004852077,S88 (NC_011742.1),Medaka / S88 (NC_011742.1)
medaka,MSB1_8B,0.7976078329305328,S88 (NC_011742.1),Medaka / S88 (NC_011742.1)
medaka,MSB1_8G,0.8094023390007108,S88 (NC_011742.1),Medaka / S88 (NC_011742.1)
medaka,MSB1_9D,0.8160003647339412,S88 (NC_011742.1),Medaka / S88 (NC_011742.1)
medaka,MSB2_1A,0.7743187308964093,S88 (NC_011742.1),Medaka / S88 (NC_011742.1)
medaka,H131800734,0.8821604516364314,S88 (NC_011742.1),Medaka / S88 (NC_011742.1)
medaka,ST38,0.8300345870419262,S88 (NC_011742.1),Medaka / S88 (NC_011742.1)
medaka,063_STEC,0.8742317872691758,H7 (CP010171.1),Medaka / H7 (CP010171.1)
medaka,CFT073,0.8694946346970178,H7 (CP010171.1),Medaka / H7 (CP010171.1)
medaka,MINF_1A,0.8112980927044481,H7 (CP010171.1),Medaka / H7 (CP010171.1)
medaka,MINF_1D,0.8312738434278952,H7 (CP010171.1),Medaka / H7 (CP010171.1)
medaka,MINF_7C,0.8186872925906624,H7 (CP010171.1),Medaka / H7 (CP010171.1)
medaka,MINF_8D,0.6521327419220376,H7 (CP010171.1),Medaka / H7 (CP010171.1)
medaka,MINF_9A,0.8574713601218638,H7 (CP010171.1),Medaka / H7 (CP010171.1)
medaka,MSB1_1A,0.8042193043241512,H7 (CP010171.1),Medaka / H7 (CP010171.1)
medaka,MSB1_3B,0.8656990660724087,H7 (CP010171.1),Medaka / H7 (CP010171.1)
medaka,MSB1_4E,0.837394135678182,H7 (CP010171.1),Medaka / H7 (CP010171.1)
medaka,MSB1_4I,0.7958904615418088,H7 (CP010171.1),Medaka / H7 (CP010171.1)
medaka,MSB1_6C,0.8703522358971331,H7 (CP010171.1),Medaka / H7 (CP010171.1)
medaka,MSB1_7A,0.8596465505617421,H7 (CP010171.1),Medaka / H7 (CP010171.1)
medaka,MSB1_7C,0.8215516801562475,H7 (CP010171.1),Medaka / H7 (CP010171.1)
medaka,MSB1_8B,0.8281897012709557,H7 (CP010171.1),Medaka / H7 (CP010171.1)
medaka,MSB1_8G,0.7848950084866076,H7 (CP010171.1),Medaka / H7 (CP010171.1)
medaka,MSB1_9D,0.7373450054452165,H7 (CP010171.1),Medaka / H7 (CP010171.1)
medaka,MSB2_1A,0.7985312807935597,H7 (CP010171.1),Medaka / H7 (CP010171.1)
medaka,H131800734,0.8035334475649505,H7 (CP010171.1),Medaka / H7 (CP010171.1)
medaka,ST38,0.8688020367704123,H7 (CP010171.1),Medaka / H7 (CP010171.1)
medaka,063_STEC,0.8670083986566863,W3110 (NC_007779.1),Medaka / W3110 (NC_007779.1)
medaka,CFT073,0.8699440459473599,W3110 (NC_007779.1),Medaka / W3110 (NC_007779.1)
medaka,MINF_1A,0.8411285795348848,W3110 (NC_007779.1),Medaka / W3110 (NC_007779.1)
medaka,MINF_1D,0.8559809566955866,W3110 (NC_007779.1),Medaka / W3110 (NC_007779.1)
medaka,MINF_7C,0.8708227399594551,W3110 (NC_007779.1),Medaka / W3110 (NC_007779.1)
medaka,MINF_8D,0.5651154369084618,W3110 (NC_007779.1),Medaka / W3110 (NC_007779.1)
medaka,MINF_9A,0.8776056094124148,W3110 (NC_007779.1),Medaka / W3110 (NC_007779.1)
medaka,MSB1_1A,0.8333718124365963,W3110 (NC_007779.1),Medaka / W3110 (NC_007779.1)
medaka,MSB1_3B,0.8653723773014175,W3110 (NC_007779.1),Medaka / W3110 (NC_007779.1)
medaka,MSB1_4E,0.8574016302117614,W3110 (NC_007779.1),Medaka / W3110 (NC_007779.1)
medaka,MSB1_4I,0.8378088055945754,W3110 (NC_007779.1),Medaka / W3110 (NC_007779.1)
medaka,MSB1_6C,0.8641401006200389,W3110 (NC_007779.1),Medaka / W3110 (NC_007779.1)
medaka,MSB1_7A,0.866054149667999,W3110 (NC_007779.1),Medaka / W3110 (NC_007779.1)
medaka,MSB1_7C,0.8688613058704698,W3110 (NC_007779.1),Medaka / W3110 (NC_007779.1)
medaka,MSB1_8B,0.8504209218443091,W3110 (NC_007779.1),Medaka / W3110 (NC_007779.1)
medaka,MSB1_8G,0.8180084512973872,W3110 (NC_007779.1),Medaka / W3110 (NC_007779.1)
medaka,MSB1_9D,0.788268900189943,W3110 (NC_007779.1),Medaka / W3110 (NC_007779.1)
medaka,MSB2_1A,0.8343181131990844,W3110 (NC_007779.1),Medaka / W3110 (NC_007779.1)
medaka,H131800734,0.8150796945471849,W3110 (NC_007779.1),Medaka / W3110 (NC_007779.1)
medaka,ST38,0.873819684155305,W3110 (NC_007779.1),Medaka / W3110 (NC_007779.1)
medaka,063_STEC,0.845852000856119,NGF1 (NZ_CP016007.1),Medaka / NGF1 (NZ_CP016007.1)
medaka,CFT073,0.8189346036168461,NGF1 (NZ_CP016007.1),Medaka / NGF1 (NZ_CP016007.1)
medaka,MINF_1A,0.8398371359262573,NGF1 (NZ_CP016007.1),Medaka / NGF1 (NZ_CP016007.1)
medaka,MINF_1D,0.7201050960222791,NGF1 (NZ_CP016007.1),Medaka / NGF1 (NZ_CP016007.1)
medaka,MINF_7C,0.8135787587407193,NGF1 (NZ_CP016007.1),Medaka / NGF1 (NZ_CP016007.1)
medaka,MINF_8D,0.7411765046868304,NGF1 (NZ_CP016007.1),Medaka / NGF1 (NZ_CP016007.1)
medaka,MINF_9A,0.8304482119187041,NGF1 (NZ_CP016007.1),Medaka / NGF1 (NZ_CP016007.1)
medaka,MSB1_1A,0.8104541021664025,NGF1 (NZ_CP016007.1),Medaka / NGF1 (NZ_CP016007.1)
medaka,MSB1_3B,0.8250495876749866,NGF1 (NZ_CP016007.1),Medaka / NGF1 (NZ_CP016007.1)
medaka,MSB1_4E,0.7490751304663168,NGF1 (NZ_CP016007.1),Medaka / NGF1 (NZ_CP016007.1)
medaka,MSB1_4I,0.8191400084721626,NGF1 (NZ_CP016007.1),Medaka / NGF1 (NZ_CP016007.1)
medaka,MSB1_6C,0.8085914385306512,NGF1 (NZ_CP016007.1),Medaka / NGF1 (NZ_CP016007.1)
medaka,MSB1_7A,0.8305578639652693,NGF1 (NZ_CP016007.1),Medaka / NGF1 (NZ_CP016007.1)
medaka,MSB1_7C,0.8136523011583977,NGF1 (NZ_CP016007.1),Medaka / NGF1 (NZ_CP016007.1)
medaka,MSB1_8B,0.788470108844114,NGF1 (NZ_CP016007.1),Medaka / NGF1 (NZ_CP016007.1)
medaka,MSB1_8G,0.8155892950906096,NGF1 (NZ_CP016007.1),Medaka / NGF1 (NZ_CP016007.1)
medaka,MSB1_9D,0.8324578251541059,NGF1 (NZ_CP016007.1),Medaka / NGF1 (NZ_CP016007.1)
medaka,MSB2_1A,0.7939115847453367,NGF1 (NZ_CP016007.1),Medaka / NGF1 (NZ_CP016007.1)
medaka,H131800734,0.8861694155672456,NGF1 (NZ_CP016007.1),Medaka / NGF1 (NZ_CP016007.1)
medaka,ST38,0.8402474388438356,NGF1 (NZ_CP016007.1),Medaka / NGF1 (NZ_CP016007.1)
medaka,063_STEC,0.8748803014906318,Y5 (NZ_CP013483.1),Medaka / Y5 (NZ_CP013483.1)
medaka,CFT073,0.8569029850874227,Y5 (NZ_CP013483.1),Medaka / Y5 (NZ_CP013483.1)
medaka,MINF_1A,0.8397299245436092,Y5 (NZ_CP013483.1),Medaka / Y5 (NZ_CP013483.1)
medaka,MINF_1D,0.8045811655100589,Y5 (NZ_CP013483.1),Medaka / Y5 (NZ_CP013483.1)
medaka,MINF_7C,0.8328607461339131,Y5 (NZ_CP013483.1),Medaka / Y5 (NZ_CP013483.1)
medaka,MINF_8D,0.5153377361615729,Y5 (NZ_CP013483.1),Medaka / Y5 (NZ_CP013483.1)
medaka,MINF_9A,0.8697587158122947,Y5 (NZ_CP013483.1),Medaka / Y5 (NZ_CP013483.1)
medaka,MSB1_1A,0.6741828720621362,Y5 (NZ_CP013483.1),Medaka / Y5 (NZ_CP013483.1)
medaka,MSB1_3B,0.8554644349096251,Y5 (NZ_CP013483.1),Medaka / Y5 (NZ_CP013483.1)
medaka,MSB1_4E,0.827851910250699,Y5 (NZ_CP013483.1),Medaka / Y5 (NZ_CP013483.1)
medaka,MSB1_4I,0.8243674458250434,Y5 (NZ_CP013483.1),Medaka / Y5 (NZ_CP013483.1)
medaka,MSB1_6C,0.8617555943464802,Y5 (NZ_CP013483.1),Medaka / Y5 (NZ_CP013483.1)
medaka,MSB1_7A,0.8653383746574841,Y5 (NZ_CP013483.1),Medaka / Y5 (NZ_CP013483.1)
medaka,MSB1_7C,0.8382439612411671,Y5 (NZ_CP013483.1),Medaka / Y5 (NZ_CP013483.1)
medaka,MSB1_8B,0.8190345972706773,Y5 (NZ_CP013483.1),Medaka / Y5 (NZ_CP013483.1)
medaka,MSB1_8G,0.7363714045836044,Y5 (NZ_CP013483.1),Medaka / Y5 (NZ_CP013483.1)
medaka,MSB1_9D,0.7473708390160438,Y5 (NZ_CP013483.1),Medaka / Y5 (NZ_CP013483.1)
medaka,MSB2_1A,0.8157744110751523,Y5 (NZ_CP013483.1),Medaka / Y5 (NZ_CP013483.1)
medaka,H131800734,0.7912979894636282,Y5 (NZ_CP013483.1),Medaka / Y5 (NZ_CP013483.1)
medaka,ST38,0.8630838482616625,Y5 (NZ_CP013483.1),Medaka / Y5 (NZ_CP013483.1)
medaka,063_STEC,0.8773912560432748,C1 (CP010116.1),Medaka / C1 (CP010116.1)
medaka,CFT073,0.8571475058851085,C1 (CP010116.1),Medaka / C1 (CP010116.1)
medaka,MINF_1A,0.8296392629205994,C1 (CP010116.1),Medaka / C1 (CP010116.1)
medaka,MINF_1D,0.8051887383407985,C1 (CP010116.1),Medaka / C1 (CP010116.1)
medaka,MINF_7C,0.8183052842451349,C1 (CP010116.1),Medaka / C1 (CP010116.1)
medaka,MINF_8D,0.8205278827343284,C1 (CP010116.1),Medaka / C1 (CP010116.1)
medaka,MINF_9A,0.8587839103873927,C1 (CP010116.1),Medaka / C1 (CP010116.1)
medaka,MSB1_1A,0.8262872613999429,C1 (CP010116.1),Medaka / C1 (CP010116.1)
medaka,MSB1_3B,0.8074861139423541,C1 (CP010116.1),Medaka / C1 (CP010116.1)
medaka,MSB1_4E,0.8265518596209914,C1 (CP010116.1),Medaka / C1 (CP010116.1)
medaka,MSB1_4I,0.8146670162142233,C1 (CP010116.1),Medaka / C1 (CP010116.1)
medaka,MSB1_6C,0.7896482900102711,C1 (CP010116.1),Medaka / C1 (CP010116.1)
medaka,MSB1_7A,0.809365224349595,C1 (CP010116.1),Medaka / C1 (CP010116.1)
medaka,MSB1_7C,0.8147944373135896,C1 (CP010116.1),Medaka / C1 (CP010116.1)
medaka,MSB1_8B,0.8301441854356445,C1 (CP010116.1),Medaka / C1 (CP010116.1)
medaka,MSB1_8G,0.860210413052659,C1 (CP010116.1),Medaka / C1 (CP010116.1)
medaka,MSB1_9D,0.8454463902582091,C1 (CP010116.1),Medaka / C1 (CP010116.1)
medaka,MSB2_1A,0.8035969932289638,C1 (CP010116.1),Medaka / C1 (CP010116.1)
medaka,H131800734,0.8719304336600003,C1 (CP010116.1),Medaka / C1 (CP010116.1)
medaka,ST38,0.7664262966269679,C1 (CP010116.1),Medaka / C1 (CP010116.1)
medaka,063_STEC,0.8755726834518958,S1 (CP010226.1),Medaka / S1 (CP010226.1)
medaka,CFT073,0.8455900478283163,S1 (CP010226.1),Medaka / S1 (CP010226.1)
medaka,MINF_1A,0.8155953758284731,S1 (CP010226.1),Medaka / S1 (CP010226.1)
medaka,MINF_1D,0.8299961298037596,S1 (CP010226.1),Medaka / S1 (CP010226.1)
medaka,MINF_7C,0.8378590421658695,S1 (CP010226.1),Medaka / S1 (CP010226.1)
medaka,MINF_8D,0.7140501760728312,S1 (CP010226.1),Medaka / S1 (CP010226.1)
medaka,MINF_9A,0.8534326199550909,S1 (CP010226.1),Medaka / S1 (CP010226.1)
medaka,MSB1_1A,0.8107754488999827,S1 (CP010226.1),Medaka / S1 (CP010226.1)
medaka,MSB1_3B,0.8588600377146005,S1 (CP010226.1),Medaka / S1 (CP010226.1)
medaka,MSB1_4E,0.8632878977574122,S1 (CP010226.1),Medaka / S1 (CP010226.1)
medaka,MSB1_4I,0.8058582048120361,S1 (CP010226.1),Medaka / S1 (CP010226.1)
medaka,MSB1_6C,0.8568748245032338,S1 (CP010226.1),Medaka / S1 (CP010226.1)
medaka,MSB1_7A,0.8491137001116081,S1 (CP010226.1),Medaka / S1 (CP010226.1)
medaka,MSB1_7C,0.8276389041020195,S1 (CP010226.1),Medaka / S1 (CP010226.1)
medaka,MSB1_8B,0.8326896369670258,S1 (CP010226.1),Medaka / S1 (CP010226.1)
medaka,MSB1_8G,0.7644160256207914,S1 (CP010226.1),Medaka / S1 (CP010226.1)
medaka,MSB1_9D,0.7374846441487299,S1 (CP010226.1),Medaka / S1 (CP010226.1)
medaka,MSB2_1A,0.8055430687749651,S1 (CP010226.1),Medaka / S1 (CP010226.1)
medaka,H131800734,0.5306965662383482,S1 (CP010226.1),Medaka / S1 (CP010226.1)
medaka,ST38,0.873545889329299,S1 (CP010226.1),Medaka / S1 (CP010226.1)
medaka,063_STEC,0.8732505728699945,H6 (CP010170.1),Medaka / H6 (CP010170.1)
medaka,CFT073,0.843789044004061,H6 (CP010170.1),Medaka / H6 (CP010170.1)
medaka,MINF_1A,0.8328851168143953,H6 (CP010170.1),Medaka / H6 (CP010170.1)
medaka,MINF_1D,0.8335064696724639,H6 (CP010170.1),Medaka / H6 (CP010170.1)
medaka,MINF_7C,0.8154235456908064,H6 (CP010170.1),Medaka / H6 (CP010170.1)
medaka,MINF_8D,0.7510876941411992,H6 (CP010170.1),Medaka / H6 (CP010170.1)
medaka,MINF_9A,0.8681413162722311,H6 (CP010170.1),Medaka / H6 (CP010170.1)
medaka,MSB1_1A,0.815906597759632,H6 (CP010170.1),Medaka / H6 (CP010170.1)
medaka,MSB1_3B,0.8578040291399648,H6 (CP010170.1),Medaka / H6 (CP010170.1)
medaka,MSB1_4E,0.8585537634579373,H6 (CP010170.1),Medaka / H6 (CP010170.1)
medaka,MSB1_4I,0.8304070417379359,H6 (CP010170.1),Medaka / H6 (CP010170.1)
medaka,MSB1_6C,0.8691982247408696,H6 (CP010170.1),Medaka / H6 (CP010170.1)
medaka,MSB1_7A,0.8624465238388398,H6 (CP010170.1),Medaka / H6 (CP010170.1)
medaka,MSB1_7C,0.8396741020562379,H6 (CP010170.1),Medaka / H6 (CP010170.1)
medaka,MSB1_8B,0.8364048922690346,H6 (CP010170.1),Medaka / H6 (CP010170.1)
medaka,MSB1_8G,0.8017963954480486,H6 (CP010170.1),Medaka / H6 (CP010170.1)
medaka,MSB1_9D,0.6829133834072094,H6 (CP010170.1),Medaka / H6 (CP010170.1)
medaka,MSB2_1A,0.7949639561560798,H6 (CP010170.1),Medaka / H6 (CP010170.1)
medaka,H131800734,0.8130297759046075,H6 (CP010170.1),Medaka / H6 (CP010170.1)
medaka,ST38,0.8703284331581751,H6 (CP010170.1),Medaka / H6 (CP010170.1)
nanopolish,063_STEC,0.9671350109603892,LF82 (NC_011993.1),Nanopolish / LF82 (NC_011993.1)
nanopolish,CFT073,0.9839739030658208,LF82 (NC_011993.1),Nanopolish / LF82 (NC_011993.1)
nanopolish,MINF_1A,0.969629688860458,LF82 (NC_011993.1),Nanopolish / LF82 (NC_011993.1)
nanopolish,MINF_1D,0.9799909118448956,LF82 (NC_011993.1),Nanopolish / LF82 (NC_011993.1)
nanopolish,MINF_7C,0.9707189238304188,LF82 (NC_011993.1),Nanopolish / LF82 (NC_011993.1)
nanopolish,MINF_8D,0.9664231284160474,LF82 (NC_011993.1),Nanopolish / LF82 (NC_011993.1)
nanopolish,MINF_9A,0.969995983044218,LF82 (NC_011993.1),Nanopolish / LF82 (NC_011993.1)
nanopolish,MSB1_1A,0.9723952168502836,LF82 (NC_011993.1),Nanopolish / LF82 (NC_011993.1)
nanopolish,MSB1_3B,0.9762298444457678,LF82 (NC_011993.1),Nanopolish / LF82 (NC_011993.1)
nanopolish,MSB1_4E,0.9599720617765588,LF82 (NC_011993.1),Nanopolish / LF82 (NC_011993.1)
nanopolish,MSB1_4I,0.9720467323676708,LF82 (NC_011993.1),Nanopolish / LF82 (NC_011993.1)
nanopolish,MSB1_6C,0.9759276471081716,LF82 (NC_011993.1),Nanopolish / LF82 (NC_011993.1)
nanopolish,MSB1_7A,0.9748603232119224,LF82 (NC_011993.1),Nanopolish / LF82 (NC_011993.1)
nanopolish,MSB1_7C,0.9707547532537438,LF82 (NC_011993.1),Nanopolish / LF82 (NC_011993.1)
nanopolish,MSB1_8B,0.9716469487203436,LF82 (NC_011993.1),Nanopolish / LF82 (NC_011993.1)
nanopolish,MSB1_8G,0.9716612305539852,LF82 (NC_011993.1),Nanopolish / LF82 (NC_011993.1)
nanopolish,MSB1_9D,0.9704746296850452,LF82 (NC_011993.1),Nanopolish / LF82 (NC_011993.1)
nanopolish,MSB2_1A,0.969556115788052,LF82 (NC_011993.1),Nanopolish / LF82 (NC_011993.1)
nanopolish,H131800734,0.978084437108044,LF82 (NC_011993.1),Nanopolish / LF82 (NC_011993.1)
nanopolish,ST38,0.9748221265720186,LF82 (NC_011993.1),Nanopolish / LF82 (NC_011993.1)
nanopolish,063_STEC,0.9576936075704904,JJ1886 (NC_022648.1),Nanopolish / JJ1886 (NC_022648.1)
nanopolish,CFT073,0.9566539051498693,JJ1886 (NC_022648.1),Nanopolish / JJ1886 (NC_022648.1)
nanopolish,MINF_1A,0.9650350190112784,JJ1886 (NC_022648.1),Nanopolish / JJ1886 (NC_022648.1)
nanopolish,MINF_1D,0.9633442808467716,JJ1886 (NC_022648.1),Nanopolish / JJ1886 (NC_022648.1)
nanopolish,MINF_7C,0.9668749706321658,JJ1886 (NC_022648.1),Nanopolish / JJ1886 (NC_022648.1)
nanopolish,MINF_8D,0.9642939983512472,JJ1886 (NC_022648.1),Nanopolish / JJ1886 (NC_022648.1)
nanopolish,MINF_9A,0.9664014577100152,JJ1886 (NC_022648.1),Nanopolish / JJ1886 (NC_022648.1)
nanopolish,MSB1_1A,0.9706672690954056,JJ1886 (NC_022648.1),Nanopolish / JJ1886 (NC_022648.1)
nanopolish,MSB1_3B,0.9710934729188834,JJ1886 (NC_022648.1),Nanopolish / JJ1886 (NC_022648.1)
nanopolish,MSB1_4E,0.8498427079401031,JJ1886 (NC_022648.1),Nanopolish / JJ1886 (NC_022648.1)
nanopolish,MSB1_4I,0.9629558832001366,JJ1886 (NC_022648.1),Nanopolish / JJ1886 (NC_022648.1)
nanopolish,MSB1_6C,0.9753394593597756,JJ1886 (NC_022648.1),Nanopolish / JJ1886 (NC_022648.1)
nanopolish,MSB1_7A,0.9731543652185533,JJ1886 (NC_022648.1),Nanopolish / JJ1886 (NC_022648.1)
nanopolish,MSB1_7C,0.9711038595183422,JJ1886 (NC_022648.1),Nanopolish / JJ1886 (NC_022648.1)
nanopolish,MSB1_8B,0.9711509094840404,JJ1886 (NC_022648.1),Nanopolish / JJ1886 (NC_022648.1)
nanopolish,MSB1_8G,0.9707629500481132,JJ1886 (NC_022648.1),Nanopolish / JJ1886 (NC_022648.1)
nanopolish,MSB1_9D,0.9708208302075518,JJ1886 (NC_022648.1),Nanopolish / JJ1886 (NC_022648.1)
nanopolish,MSB2_1A,0.9606502637836232,JJ1886 (NC_022648.1),Nanopolish / JJ1886 (NC_022648.1)
nanopolish,H131800734,0.9749523328301236,JJ1886 (NC_022648.1),Nanopolish / JJ1886 (NC_022648.1)
nanopolish,ST38,0.9713804105713082,JJ1886 (NC_022648.1),Nanopolish / JJ1886 (NC_022648.1)
nanopolish,063_STEC,0.9752261351352974,C4 (CP010121.1),Nanopolish / C4 (CP010121.1)
nanopolish,CFT073,0.9724593499158818,C4 (CP010121.1),Nanopolish / C4 (CP010121.1)
nanopolish,MINF_1A,0.970033358249752,C4 (CP010121.1),Nanopolish / C4 (CP010121.1)
nanopolish,MINF_1D,0.9737035864225702,C4 (CP010121.1),Nanopolish / C4 (CP010121.1)
nanopolish,MINF_7C,0.9761039106145256,C4 (CP010121.1),Nanopolish / C4 (CP010121.1)
nanopolish,MINF_8D,0.967628479047375,C4 (CP010121.1),Nanopolish / C4 (CP010121.1)
nanopolish,MINF_9A,0.967146106502542,C4 (CP010121.1),Nanopolish / C4 (CP010121.1)
nanopolish,MSB1_1A,0.9772415959295012,C4 (CP010121.1),Nanopolish / C4 (CP010121.1)
nanopolish,MSB1_3B,0.9734477062017352,C4 (CP010121.1),Nanopolish / C4 (CP010121.1)
nanopolish,MSB1_4E,0.9781343555203076,C4 (CP010121.1),Nanopolish / C4 (CP010121.1)
nanopolish,MSB1_4I,0.9721669562590654,C4 (CP010121.1),Nanopolish / C4 (CP010121.1)
nanopolish,MSB1_6C,0.9733180500339356,C4 (CP010121.1),Nanopolish / C4 (CP010121.1)
nanopolish,MSB1_7A,0.97270207045313,C4 (CP010121.1),Nanopolish / C4 (CP010121.1)
nanopolish,MSB1_7C,0.9771110688474705,C4 (CP010121.1),Nanopolish / C4 (CP010121.1)
nanopolish,MSB1_8B,0.9692109037137336,C4 (CP010121.1),Nanopolish / C4 (CP010121.1)
nanopolish,MSB1_8G,0.9752841270955348,C4 (CP010121.1),Nanopolish / C4 (CP010121.1)
nanopolish,MSB1_9D,0.9731191197910656,C4 (CP010121.1),Nanopolish / C4 (CP010121.1)
nanopolish,MSB2_1A,0.97301993433028,C4 (CP010121.1),Nanopolish / C4 (CP010121.1)
nanopolish,H131800734,0.9774287483660544,C4 (CP010121.1),Nanopolish / C4 (CP010121.1)
nanopolish,ST38,0.9691307950305628,C4 (CP010121.1),Nanopolish / C4 (CP010121.1)
nanopolish,063_STEC,0.9786487603712488,EcRV308Chr (NZ_LM995446.1),Nanopolish / EcRV308Chr (NZ_LM995446.1)
nanopolish,CFT073,0.9762526913562396,EcRV308Chr (NZ_LM995446.1),Nanopolish / EcRV308Chr (NZ_LM995446.1)
nanopolish,MINF_1A,0.9736332965150034,EcRV308Chr (NZ_LM995446.1),Nanopolish / EcRV308Chr (NZ_LM995446.1)
nanopolish,MINF_1D,0.9797214927848884,EcRV308Chr (NZ_LM995446.1),Nanopolish / EcRV308Chr (NZ_LM995446.1)
nanopolish,MINF_7C,0.9760433082364918,EcRV308Chr (NZ_LM995446.1),Nanopolish / EcRV308Chr (NZ_LM995446.1)
nanopolish,MINF_8D,0.907919017919018,EcRV308Chr (NZ_LM995446.1),Nanopolish / EcRV308Chr (NZ_LM995446.1)
nanopolish,MINF_9A,0.978282557947184,EcRV308Chr (NZ_LM995446.1),Nanopolish / EcRV308Chr (NZ_LM995446.1)
nanopolish,MSB1_1A,0.9772992732306628,EcRV308Chr (NZ_LM995446.1),Nanopolish / EcRV308Chr (NZ_LM995446.1)
nanopolish,MSB1_3B,0.9761622209014008,EcRV308Chr (NZ_LM995446.1),Nanopolish / EcRV308Chr (NZ_LM995446.1)
nanopolish,MSB1_4E,0.9769202004700944,EcRV308Chr (NZ_LM995446.1),Nanopolish / EcRV308Chr (NZ_LM995446.1)
nanopolish,MSB1_4I,0.9746531842285976,EcRV308Chr (NZ_LM995446.1),Nanopolish / EcRV308Chr (NZ_LM995446.1)
nanopolish,MSB1_6C,0.9793693223650716,EcRV308Chr (NZ_LM995446.1),Nanopolish / EcRV308Chr (NZ_LM995446.1)
nanopolish,MSB1_7A,0.9766989024294191,EcRV308Chr (NZ_LM995446.1),Nanopolish / EcRV308Chr (NZ_LM995446.1)
nanopolish,MSB1_7C,0.9780903962923888,EcRV308Chr (NZ_LM995446.1),Nanopolish / EcRV308Chr (NZ_LM995446.1)
nanopolish,MSB1_8B,0.9790791602495296,EcRV308Chr (NZ_LM995446.1),Nanopolish / EcRV308Chr (NZ_LM995446.1)
nanopolish,MSB1_8G,0.9754188218390806,EcRV308Chr (NZ_LM995446.1),Nanopolish / EcRV308Chr (NZ_LM995446.1)
nanopolish,MSB1_9D,0.9618353790345774,EcRV308Chr (NZ_LM995446.1),Nanopolish / EcRV308Chr (NZ_LM995446.1)
nanopolish,MSB2_1A,0.9778918598479366,EcRV308Chr (NZ_LM995446.1),Nanopolish / EcRV308Chr (NZ_LM995446.1)
nanopolish,H131800734,0.9509412631437948,EcRV308Chr (NZ_LM995446.1),Nanopolish / EcRV308Chr (NZ_LM995446.1)
nanopolish,ST38,0.9764366331126304,EcRV308Chr (NZ_LM995446.1),Nanopolish / EcRV308Chr (NZ_LM995446.1)
nanopolish,063_STEC,0.9589797728329528,NCTC_13441 (NZ_LT632320.1),Nanopolish / NCTC_13441 (NZ_LT632320.1)
nanopolish,CFT073,0.9563590531701559,NCTC_13441 (NZ_LT632320.1),Nanopolish / NCTC_13441 (NZ_LT632320.1)
nanopolish,MINF_1A,0.9649977215766692,NCTC_13441 (NZ_LT632320.1),Nanopolish / NCTC_13441 (NZ_LT632320.1)
nanopolish,MINF_1D,0.9651977703952472,NCTC_13441 (NZ_LT632320.1),Nanopolish / NCTC_13441 (NZ_LT632320.1)
nanopolish,MINF_7C,0.967191746615416,NCTC_13441 (NZ_LT632320.1),Nanopolish / NCTC_13441 (NZ_LT632320.1)
nanopolish,MINF_8D,0.9649823286174692,NCTC_13441 (NZ_LT632320.1),Nanopolish / NCTC_13441 (NZ_LT632320.1)
nanopolish,MINF_9A,0.9629675285407048,NCTC_13441 (NZ_LT632320.1),Nanopolish / NCTC_13441 (NZ_LT632320.1)
nanopolish,MSB1_1A,0.9705194755625104,NCTC_13441 (NZ_LT632320.1),Nanopolish / NCTC_13441 (NZ_LT632320.1)
nanopolish,MSB1_3B,0.9698538825712892,NCTC_13441 (NZ_LT632320.1),Nanopolish / NCTC_13441 (NZ_LT632320.1)
nanopolish,MSB1_4E,0.8860360390734224,NCTC_13441 (NZ_LT632320.1),Nanopolish / NCTC_13441 (NZ_LT632320.1)
nanopolish,MSB1_4I,0.9649996586239096,NCTC_13441 (NZ_LT632320.1),Nanopolish / NCTC_13441 (NZ_LT632320.1)
nanopolish,MSB1_6C,0.9743121882491962,NCTC_13441 (NZ_LT632320.1),Nanopolish / NCTC_13441 (NZ_LT632320.1)
nanopolish,MSB1_7A,0.9738766145425866,NCTC_13441 (NZ_LT632320.1),Nanopolish / NCTC_13441 (NZ_LT632320.1)
nanopolish,MSB1_7C,0.972037664127879,NCTC_13441 (NZ_LT632320.1),Nanopolish / NCTC_13441 (NZ_LT632320.1)
nanopolish,MSB1_8B,0.9727649556650578,NCTC_13441 (NZ_LT632320.1),Nanopolish / NCTC_13441 (NZ_LT632320.1)
nanopolish,MSB1_8G,0.9664640529095492,NCTC_13441 (NZ_LT632320.1),Nanopolish / NCTC_13441 (NZ_LT632320.1)
nanopolish,MSB1_9D,0.9701719942397858,NCTC_13441 (NZ_LT632320.1),Nanopolish / NCTC_13441 (NZ_LT632320.1)
nanopolish,MSB2_1A,0.9617343228504219,NCTC_13441 (NZ_LT632320.1),Nanopolish / NCTC_13441 (NZ_LT632320.1)
nanopolish,H131800734,0.9748085441084392,NCTC_13441 (NZ_LT632320.1),Nanopolish / NCTC_13441 (NZ_LT632320.1)
nanopolish,ST38,0.9670326506346076,NCTC_13441 (NZ_LT632320.1),Nanopolish / NCTC_13441 (NZ_LT632320.1)
nanopolish,063_STEC,0.9742464315908244,MRSN346595 (NZ_CP018109.1),Nanopolish / MRSN346595 (NZ_CP018109.1)
nanopolish,CFT073,0.9700673476516464,MRSN346595 (NZ_CP018109.1),Nanopolish / MRSN346595 (NZ_CP018109.1)
nanopolish,MINF_1A,0.9607658610235054,MRSN346595 (NZ_CP018109.1),Nanopolish / MRSN346595 (NZ_CP018109.1)
nanopolish,MINF_1D,0.9744002805444976,MRSN346595 (NZ_CP018109.1),Nanopolish / MRSN346595 (NZ_CP018109.1)
nanopolish,MINF_7C,0.9646329299353679,MRSN346595 (NZ_CP018109.1),Nanopolish / MRSN346595 (NZ_CP018109.1)
nanopolish,MINF_8D,0.9169864609715472,MRSN346595 (NZ_CP018109.1),Nanopolish / MRSN346595 (NZ_CP018109.1)
nanopolish,MINF_9A,0.9639834877781664,MRSN346595 (NZ_CP018109.1),Nanopolish / MRSN346595 (NZ_CP018109.1)
nanopolish,MSB1_1A,0.8852688629581745,MRSN346595 (NZ_CP018109.1),Nanopolish / MRSN346595 (NZ_CP018109.1)
nanopolish,MSB1_3B,0.9619867938093616,MRSN346595 (NZ_CP018109.1),Nanopolish / MRSN346595 (NZ_CP018109.1)
nanopolish,MSB1_4E,0.9678356440468932,MRSN346595 (NZ_CP018109.1),Nanopolish / MRSN346595 (NZ_CP018109.1)
nanopolish,MSB1_4I,0.967911453549785,MRSN346595 (NZ_CP018109.1),Nanopolish / MRSN346595 (NZ_CP018109.1)
nanopolish,MSB1_6C,0.9754007768953228,MRSN346595 (NZ_CP018109.1),Nanopolish / MRSN346595 (NZ_CP018109.1)
nanopolish,MSB1_7A,0.96750172351692,MRSN346595 (NZ_CP018109.1),Nanopolish / MRSN346595 (NZ_CP018109.1)
nanopolish,MSB1_7C,0.9707883334632824,MRSN346595 (NZ_CP018109.1),Nanopolish / MRSN346595 (NZ_CP018109.1)
nanopolish,MSB1_8B,0.97320769122552,MRSN346595 (NZ_CP018109.1),Nanopolish / MRSN346595 (NZ_CP018109.1)
nanopolish,MSB1_8G,0.904487871158534,MRSN346595 (NZ_CP018109.1),Nanopolish / MRSN346595 (NZ_CP018109.1)
nanopolish,MSB1_9D,0.9646323049298074,MRSN346595 (NZ_CP018109.1),Nanopolish / MRSN346595 (NZ_CP018109.1)
nanopolish,MSB2_1A,0.9722658483756093,MRSN346595 (NZ_CP018109.1),Nanopolish / MRSN346595 (NZ_CP018109.1)
nanopolish,H131800734,0.9573283668696624,MRSN346595 (NZ_CP018109.1),Nanopolish / MRSN346595 (NZ_CP018109.1)
nanopolish,ST38,0.9721346377300496,MRSN346595 (NZ_CP018109.1),Nanopolish / MRSN346595 (NZ_CP018109.1)
nanopolish,063_STEC,0.9705834787579734,CE10 (NC_017646.1),Nanopolish / CE10 (NC_017646.1)
nanopolish,CFT073,0.9677048621282576,CE10 (NC_017646.1),Nanopolish / CE10 (NC_017646.1)
nanopolish,MINF_1A,0.9612484392784394,CE10 (NC_017646.1),Nanopolish / CE10 (NC_017646.1)
nanopolish,MINF_1D,0.9728232854930732,CE10 (NC_017646.1),Nanopolish / CE10 (NC_017646.1)
nanopolish,MINF_7C,0.9690666385950348,CE10 (NC_017646.1),Nanopolish / CE10 (NC_017646.1)
nanopolish,MINF_8D,0.9654862638632924,CE10 (NC_017646.1),Nanopolish / CE10 (NC_017646.1)
nanopolish,MINF_9A,0.9673040738921868,CE10 (NC_017646.1),Nanopolish / CE10 (NC_017646.1)
nanopolish,MSB1_1A,0.9759497380092864,CE10 (NC_017646.1),Nanopolish / CE10 (NC_017646.1)
nanopolish,MSB1_3B,0.973579324219088,CE10 (NC_017646.1),Nanopolish / CE10 (NC_017646.1)
nanopolish,MSB1_4E,0.9744444444444444,CE10 (NC_017646.1),Nanopolish / CE10 (NC_017646.1)
nanopolish,MSB1_4I,0.9606312843462594,CE10 (NC_017646.1),Nanopolish / CE10 (NC_017646.1)
nanopolish,MSB1_6C,0.9771090251708348,CE10 (NC_017646.1),Nanopolish / CE10 (NC_017646.1)
nanopolish,MSB1_7A,0.972545860767178,CE10 (NC_017646.1),Nanopolish / CE10 (NC_017646.1)
nanopolish,MSB1_7C,0.9694451925183042,CE10 (NC_017646.1),Nanopolish / CE10 (NC_017646.1)
nanopolish,MSB1_8B,0.9625828339468442,CE10 (NC_017646.1),Nanopolish / CE10 (NC_017646.1)
nanopolish,MSB1_8G,0.9748240589768244,CE10 (NC_017646.1),Nanopolish / CE10 (NC_017646.1)
nanopolish,MSB1_9D,0.9770749136228348,CE10 (NC_017646.1),Nanopolish / CE10 (NC_017646.1)
nanopolish,MSB2_1A,0.9712956018594,CE10 (NC_017646.1),Nanopolish / CE10 (NC_017646.1)
nanopolish,H131800734,0.9761965496183356,CE10 (NC_017646.1),Nanopolish / CE10 (NC_017646.1)
nanopolish,ST38,0.969113855217764,CE10 (NC_017646.1),Nanopolish / CE10 (NC_017646.1)
nanopolish,063_STEC,0.9718196849417982,MRSN346647 (CP018206.1),Nanopolish / MRSN346647 (CP018206.1)
nanopolish,CFT073,0.9692547066813928,MRSN346647 (CP018206.1),Nanopolish / MRSN346647 (CP018206.1)
nanopolish,MINF_1A,0.9634345489359848,MRSN346647 (CP018206.1),Nanopolish / MRSN346647 (CP018206.1)
nanopolish,MINF_1D,0.9733505742826144,MRSN346647 (CP018206.1),Nanopolish / MRSN346647 (CP018206.1)
nanopolish,MINF_7C,0.9509258304738626,MRSN346647 (CP018206.1),Nanopolish / MRSN346647 (CP018206.1)
nanopolish,MINF_8D,0.9639561852612112,MRSN346647 (CP018206.1),Nanopolish / MRSN346647 (CP018206.1)
nanopolish,MINF_9A,0.9634739514176364,MRSN346647 (CP018206.1),Nanopolish / MRSN346647 (CP018206.1)
nanopolish,MSB1_1A,0.968704415639122,MRSN346647 (CP018206.1),Nanopolish / MRSN346647 (CP018206.1)
nanopolish,MSB1_3B,0.9205822676775128,MRSN346647 (CP018206.1),Nanopolish / MRSN346647 (CP018206.1)
nanopolish,MSB1_4E,0.9676394127170216,MRSN346647 (CP018206.1),Nanopolish / MRSN346647 (CP018206.1)
nanopolish,MSB1_4I,0.9674933903701598,MRSN346647 (CP018206.1),Nanopolish / MRSN346647 (CP018206.1)
nanopolish,MSB1_6C,0.9291150774508228,MRSN346647 (CP018206.1),Nanopolish / MRSN346647 (CP018206.1)
nanopolish,MSB1_7A,0.922037906201856,MRSN346647 (CP018206.1),Nanopolish / MRSN346647 (CP018206.1)
nanopolish,MSB1_7C,0.957630237575914,MRSN346647 (CP018206.1),Nanopolish / MRSN346647 (CP018206.1)
nanopolish,MSB1_8B,0.9687243201293922,MRSN346647 (CP018206.1),Nanopolish / MRSN346647 (CP018206.1)
nanopolish,MSB1_8G,0.9671667118664444,MRSN346647 (CP018206.1),Nanopolish / MRSN346647 (CP018206.1)
nanopolish,MSB1_9D,0.9748059653624118,MRSN346647 (CP018206.1),Nanopolish / MRSN346647 (CP018206.1)
nanopolish,MSB2_1A,0.9695103583551457,MRSN346647 (CP018206.1),Nanopolish / MRSN346647 (CP018206.1)
nanopolish,H131800734,0.9737729282158916,MRSN346647 (CP018206.1),Nanopolish / MRSN346647 (CP018206.1)
nanopolish,ST38,0.9203596917882634,MRSN346647 (CP018206.1),Nanopolish / MRSN346647 (CP018206.1)
nanopolish,063_STEC,0.9748969187094504,VR50 (NZ_CP011134.1),Nanopolish / VR50 (NZ_CP011134.1)
nanopolish,CFT073,0.9710584143753224,VR50 (NZ_CP011134.1),Nanopolish / VR50 (NZ_CP011134.1)
nanopolish,MINF_1A,0.9666102568737924,VR50 (NZ_CP011134.1),Nanopolish / VR50 (NZ_CP011134.1)
nanopolish,MINF_1D,0.9743716724802644,VR50 (NZ_CP011134.1),Nanopolish / VR50 (NZ_CP011134.1)
nanopolish,MINF_7C,0.963395385210092,VR50 (NZ_CP011134.1),Nanopolish / VR50 (NZ_CP011134.1)
nanopolish,MINF_8D,0.8897818349661695,VR50 (NZ_CP011134.1),Nanopolish / VR50 (NZ_CP011134.1)
nanopolish,MINF_9A,0.9692294033138384,VR50 (NZ_CP011134.1),Nanopolish / VR50 (NZ_CP011134.1)
nanopolish,MSB1_1A,0.9611406477986304,VR50 (NZ_CP011134.1),Nanopolish / VR50 (NZ_CP011134.1)
nanopolish,MSB1_3B,0.9649685879750948,VR50 (NZ_CP011134.1),Nanopolish / VR50 (NZ_CP011134.1)
nanopolish,MSB1_4E,0.9747029438425546,VR50 (NZ_CP011134.1),Nanopolish / VR50 (NZ_CP011134.1)
nanopolish,MSB1_4I,0.9681451474386292,VR50 (NZ_CP011134.1),Nanopolish / VR50 (NZ_CP011134.1)
nanopolish,MSB1_6C,0.9770025304687308,VR50 (NZ_CP011134.1),Nanopolish / VR50 (NZ_CP011134.1)
nanopolish,MSB1_7A,0.9704667619600996,VR50 (NZ_CP011134.1),Nanopolish / VR50 (NZ_CP011134.1)
nanopolish,MSB1_7C,0.9706107679252356,VR50 (NZ_CP011134.1),Nanopolish / VR50 (NZ_CP011134.1)
nanopolish,MSB1_8B,0.975341226693212,VR50 (NZ_CP011134.1),Nanopolish / VR50 (NZ_CP011134.1)
nanopolish,MSB1_8G,0.9443699717497148,VR50 (NZ_CP011134.1),Nanopolish / VR50 (NZ_CP011134.1)
nanopolish,MSB1_9D,0.9515553996257684,VR50 (NZ_CP011134.1),Nanopolish / VR50 (NZ_CP011134.1)
nanopolish,MSB2_1A,0.9730211999287957,VR50 (NZ_CP011134.1),Nanopolish / VR50 (NZ_CP011134.1)
nanopolish,H131800734,0.9570150368196098,VR50 (NZ_CP011134.1),Nanopolish / VR50 (NZ_CP011134.1)
nanopolish,ST38,0.9667801529282336,VR50 (NZ_CP011134.1),Nanopolish / VR50 (NZ_CP011134.1)
nanopolish,063_STEC,0.9727968121686148,ST648 (NZ_CP008697.1),Nanopolish / ST648 (NZ_CP008697.1)
nanopolish,CFT073,0.9682973435569436,ST648 (NZ_CP008697.1),Nanopolish / ST648 (NZ_CP008697.1)
nanopolish,MINF_1A,0.9615052717209266,ST648 (NZ_CP008697.1),Nanopolish / ST648 (NZ_CP008697.1)
nanopolish,MINF_1D,0.969737678009114,ST648 (NZ_CP008697.1),Nanopolish / ST648 (NZ_CP008697.1)
nanopolish,MINF_7C,0.9591976996248816,ST648 (NZ_CP008697.1),Nanopolish / ST648 (NZ_CP008697.1)
nanopolish,MINF_8D,0.9669905776006128,ST648 (NZ_CP008697.1),Nanopolish / ST648 (NZ_CP008697.1)
nanopolish,MINF_9A,0.9247367629362214,ST648 (NZ_CP008697.1),Nanopolish / ST648 (NZ_CP008697.1)
nanopolish,MSB1_1A,0.9743910067007404,ST648 (NZ_CP008697.1),Nanopolish / ST648 (NZ_CP008697.1)
nanopolish,MSB1_3B,0.9693474283214868,ST648 (NZ_CP008697.1),Nanopolish / ST648 (NZ_CP008697.1)
nanopolish,MSB1_4E,0.9736205144302308,ST648 (NZ_CP008697.1),Nanopolish / ST648 (NZ_CP008697.1)
nanopolish,MSB1_4I,0.9598058347291948,ST648 (NZ_CP008697.1),Nanopolish / ST648 (NZ_CP008697.1)
nanopolish,MSB1_6C,0.9773015019588877,ST648 (NZ_CP008697.1),Nanopolish / ST648 (NZ_CP008697.1)
nanopolish,MSB1_7A,0.9713995724516408,ST648 (NZ_CP008697.1),Nanopolish / ST648 (NZ_CP008697.1)
nanopolish,MSB1_7C,0.9647185980848664,ST648 (NZ_CP008697.1),Nanopolish / ST648 (NZ_CP008697.1)
nanopolish,MSB1_8B,0.9140229113809032,ST648 (NZ_CP008697.1),Nanopolish / ST648 (NZ_CP008697.1)
nanopolish,MSB1_8G,0.9722335121380924,ST648 (NZ_CP008697.1),Nanopolish / ST648 (NZ_CP008697.1)
nanopolish,MSB1_9D,0.9763780673590232,ST648 (NZ_CP008697.1),Nanopolish / ST648 (NZ_CP008697.1)
nanopolish,MSB2_1A,0.9719661220544706,ST648 (NZ_CP008697.1),Nanopolish / ST648 (NZ_CP008697.1)
nanopolish,H131800734,0.9778066299499508,ST648 (NZ_CP008697.1),Nanopolish / ST648 (NZ_CP008697.1)
nanopolish,ST38,0.9653267187070004,ST648 (NZ_CP008697.1),Nanopolish / ST648 (NZ_CP008697.1)
nanopolish,063_STEC,0.9751359773733652,S21 (CP010230.1),Nanopolish / S21 (CP010230.1)
nanopolish,CFT073,0.9740130162224244,S21 (CP010230.1),Nanopolish / S21 (CP010230.1)
nanopolish,MINF_1A,0.9710624924661188,S21 (CP010230.1),Nanopolish / S21 (CP010230.1)
nanopolish,MINF_1D,0.9746242693909292,S21 (CP010230.1),Nanopolish / S21 (CP010230.1)
nanopolish,MINF_7C,0.9726186535161316,S21 (CP010230.1),Nanopolish / S21 (CP010230.1)
nanopolish,MINF_8D,0.9581487049778612,S21 (CP010230.1),Nanopolish / S21 (CP010230.1)
nanopolish,MINF_9A,0.9706260535877796,S21 (CP010230.1),Nanopolish / S21 (CP010230.1)
nanopolish,MSB1_1A,0.9639004025033436,S21 (CP010230.1),Nanopolish / S21 (CP010230.1)
nanopolish,MSB1_3B,0.9764766631624348,S21 (CP010230.1),Nanopolish / S21 (CP010230.1)
nanopolish,MSB1_4E,0.9752129138010904,S21 (CP010230.1),Nanopolish / S21 (CP010230.1)
nanopolish,MSB1_4I,0.9769225278706596,S21 (CP010230.1),Nanopolish / S21 (CP010230.1)
nanopolish,MSB1_6C,0.9770972380066808,S21 (CP010230.1),Nanopolish / S21 (CP010230.1)
nanopolish,MSB1_7A,0.9757941116081496,S21 (CP010230.1),Nanopolish / S21 (CP010230.1)
nanopolish,MSB1_7C,0.9731167936108508,S21 (CP010230.1),Nanopolish / S21 (CP010230.1)
nanopolish,MSB1_8B,0.9751739738957784,S21 (CP010230.1),Nanopolish / S21 (CP010230.1)
nanopolish,MSB1_8G,0.9647487571115064,S21 (CP010230.1),Nanopolish / S21 (CP010230.1)
nanopolish,MSB1_9D,0.9630449139002308,S21 (CP010230.1),Nanopolish / S21 (CP010230.1)
nanopolish,MSB2_1A,0.9738493655288136,S21 (CP010230.1),Nanopolish / S21 (CP010230.1)
nanopolish,H131800734,0.9660662005194938,S21 (CP010230.1),Nanopolish / S21 (CP010230.1)
nanopolish,ST38,0.9745181379737012,S21 (CP010230.1),Nanopolish / S21 (CP010230.1)
nanopolish,063_STEC,0.9717635194316204,SMS-3-5 (NC_010498.1),Nanopolish / SMS-3-5 (NC_010498.1)
nanopolish,CFT073,0.962025948323847,SMS-3-5 (NC_010498.1),Nanopolish / SMS-3-5 (NC_010498.1)
nanopolish,MINF_1A,0.9063344052822004,SMS-3-5 (NC_010498.1),Nanopolish / SMS-3-5 (NC_010498.1)
nanopolish,MINF_1D,0.9709766954113536,SMS-3-5 (NC_010498.1),Nanopolish / SMS-3-5 (NC_010498.1)
nanopolish,MINF_7C,0.96381439815961,SMS-3-5 (NC_010498.1),Nanopolish / SMS-3-5 (NC_010498.1)
nanopolish,MINF_8D,0.9645007500163046,SMS-3-5 (NC_010498.1),Nanopolish / SMS-3-5 (NC_010498.1)
nanopolish,MINF_9A,0.9661863131264612,SMS-3-5 (NC_010498.1),Nanopolish / SMS-3-5 (NC_010498.1)
nanopolish,MSB1_1A,0.9624644951672556,SMS-3-5 (NC_010498.1),Nanopolish / SMS-3-5 (NC_010498.1)
nanopolish,MSB1_3B,0.9688124202456104,SMS-3-5 (NC_010498.1),Nanopolish / SMS-3-5 (NC_010498.1)
nanopolish,MSB1_4E,0.9681764579022472,SMS-3-5 (NC_010498.1),Nanopolish / SMS-3-5 (NC_010498.1)
nanopolish,MSB1_4I,0.9624724576244764,SMS-3-5 (NC_010498.1),Nanopolish / SMS-3-5 (NC_010498.1)
nanopolish,MSB1_6C,0.9718823117247988,SMS-3-5 (NC_010498.1),Nanopolish / SMS-3-5 (NC_010498.1)
nanopolish,MSB1_7A,0.9707892451677228,SMS-3-5 (NC_010498.1),Nanopolish / SMS-3-5 (NC_010498.1)
nanopolish,MSB1_7C,0.9690699550431444,SMS-3-5 (NC_010498.1),Nanopolish / SMS-3-5 (NC_010498.1)
nanopolish,MSB1_8B,0.9662521232125212,SMS-3-5 (NC_010498.1),Nanopolish / SMS-3-5 (NC_010498.1)
nanopolish,MSB1_8G,0.96808514848465,SMS-3-5 (NC_010498.1),Nanopolish / SMS-3-5 (NC_010498.1)
nanopolish,MSB1_9D,0.9729414415759832,SMS-3-5 (NC_010498.1),Nanopolish / SMS-3-5 (NC_010498.1)
nanopolish,MSB2_1A,0.9689413114643448,SMS-3-5 (NC_010498.1),Nanopolish / SMS-3-5 (NC_010498.1)
nanopolish,H131800734,0.973091760839193,SMS-3-5 (NC_010498.1),Nanopolish / SMS-3-5 (NC_010498.1)
nanopolish,ST38,0.9686080047298712,SMS-3-5 (NC_010498.1),Nanopolish / SMS-3-5 (NC_010498.1)
nanopolish,063_STEC,0.9680183451689262,09-00049 (NZ_CP015228.1),Nanopolish / 09-00049 (NZ_CP015228.1)
nanopolish,CFT073,0.969527484316981,09-00049 (NZ_CP015228.1),Nanopolish / 09-00049 (NZ_CP015228.1)
nanopolish,MINF_1A,0.9670589084845672,09-00049 (NZ_CP015228.1),Nanopolish / 09-00049 (NZ_CP015228.1)
nanopolish,MINF_1D,0.9739379515010708,09-00049 (NZ_CP015228.1),Nanopolish / 09-00049 (NZ_CP015228.1)
nanopolish,MINF_7C,0.9635573936260228,09-00049 (NZ_CP015228.1),Nanopolish / 09-00049 (NZ_CP015228.1)
nanopolish,MINF_8D,0.9549586550755712,09-00049 (NZ_CP015228.1),Nanopolish / 09-00049 (NZ_CP015228.1)
nanopolish,MINF_9A,0.9677149933490632,09-00049 (NZ_CP015228.1),Nanopolish / 09-00049 (NZ_CP015228.1)
nanopolish,MSB1_1A,0.9601228831232972,09-00049 (NZ_CP015228.1),Nanopolish / 09-00049 (NZ_CP015228.1)
nanopolish,MSB1_3B,0.9695930000190324,09-00049 (NZ_CP015228.1),Nanopolish / 09-00049 (NZ_CP015228.1)
nanopolish,MSB1_4E,0.9705073614959318,09-00049 (NZ_CP015228.1),Nanopolish / 09-00049 (NZ_CP015228.1)
nanopolish,MSB1_4I,0.9689066514883904,09-00049 (NZ_CP015228.1),Nanopolish / 09-00049 (NZ_CP015228.1)
nanopolish,MSB1_6C,0.9773275576118812,09-00049 (NZ_CP015228.1),Nanopolish / 09-00049 (NZ_CP015228.1)
nanopolish,MSB1_7A,0.9710188853734162,09-00049 (NZ_CP015228.1),Nanopolish / 09-00049 (NZ_CP015228.1)
nanopolish,MSB1_7C,0.9681232695869462,09-00049 (NZ_CP015228.1),Nanopolish / 09-00049 (NZ_CP015228.1)
nanopolish,MSB1_8B,0.9702682354453528,09-00049 (NZ_CP015228.1),Nanopolish / 09-00049 (NZ_CP015228.1)
nanopolish,MSB1_8G,0.9624184404465496,09-00049 (NZ_CP015228.1),Nanopolish / 09-00049 (NZ_CP015228.1)
nanopolish,MSB1_9D,0.9622059309160558,09-00049 (NZ_CP015228.1),Nanopolish / 09-00049 (NZ_CP015228.1)
nanopolish,MSB2_1A,0.9721395204773736,09-00049 (NZ_CP015228.1),Nanopolish / 09-00049 (NZ_CP015228.1)
nanopolish,H131800734,0.963391941254472,09-00049 (NZ_CP015228.1),Nanopolish / 09-00049 (NZ_CP015228.1)
nanopolish,ST38,0.9675928201424824,09-00049 (NZ_CP015228.1),Nanopolish / 09-00049 (NZ_CP015228.1)
nanopolish,063_STEC,0.9719342173231392,ECONIH1 (NZ_CP009859.1),Nanopolish / ECONIH1 (NZ_CP009859.1)
nanopolish,CFT073,0.9648854468822908,ECONIH1 (NZ_CP009859.1),Nanopolish / ECONIH1 (NZ_CP009859.1)
nanopolish,MINF_1A,0.9592298275933018,ECONIH1 (NZ_CP009859.1),Nanopolish / ECONIH1 (NZ_CP009859.1)
nanopolish,MINF_1D,0.9677112709155854,ECONIH1 (NZ_CP009859.1),Nanopolish / ECONIH1 (NZ_CP009859.1)
nanopolish,MINF_7C,0.9604404930180755,ECONIH1 (NZ_CP009859.1),Nanopolish / ECONIH1 (NZ_CP009859.1)
nanopolish,MINF_8D,0.9626828753027226,ECONIH1 (NZ_CP009859.1),Nanopolish / ECONIH1 (NZ_CP009859.1)
nanopolish,MINF_9A,0.9158497536945812,ECONIH1 (NZ_CP009859.1),Nanopolish / ECONIH1 (NZ_CP009859.1)
nanopolish,MSB1_1A,0.9720305693568808,ECONIH1 (NZ_CP009859.1),Nanopolish / ECONIH1 (NZ_CP009859.1)
nanopolish,MSB1_3B,0.967315075886114,ECONIH1 (NZ_CP009859.1),Nanopolish / ECONIH1 (NZ_CP009859.1)
nanopolish,MSB1_4E,0.972587455638622,ECONIH1 (NZ_CP009859.1),Nanopolish / ECONIH1 (NZ_CP009859.1)
nanopolish,MSB1_4I,0.9562315880094944,ECONIH1 (NZ_CP009859.1),Nanopolish / ECONIH1 (NZ_CP009859.1)
nanopolish,MSB1_6C,0.9699539440918752,ECONIH1 (NZ_CP009859.1),Nanopolish / ECONIH1 (NZ_CP009859.1)
nanopolish,MSB1_7A,0.9700757575757571,ECONIH1 (NZ_CP009859.1),Nanopolish / ECONIH1 (NZ_CP009859.1)
nanopolish,MSB1_7C,0.9619135340724284,ECONIH1 (NZ_CP009859.1),Nanopolish / ECONIH1 (NZ_CP009859.1)
nanopolish,MSB1_8B,0.9338869161431302,ECONIH1 (NZ_CP009859.1),Nanopolish / ECONIH1 (NZ_CP009859.1)
nanopolish,MSB1_8G,0.9719310410498794,ECONIH1 (NZ_CP009859.1),Nanopolish / ECONIH1 (NZ_CP009859.1)
nanopolish,MSB1_9D,0.9751563151433441,ECONIH1 (NZ_CP009859.1),Nanopolish / ECONIH1 (NZ_CP009859.1)
nanopolish,MSB2_1A,0.9668648495474912,ECONIH1 (NZ_CP009859.1),Nanopolish / ECONIH1 (NZ_CP009859.1)
nanopolish,H131800734,0.9762759034524144,ECONIH1 (NZ_CP009859.1),Nanopolish / ECONIH1 (NZ_CP009859.1)
nanopolish,ST38,0.9661340216946004,ECONIH1 (NZ_CP009859.1),Nanopolish / ECONIH1 (NZ_CP009859.1)
nanopolish,063_STEC,0.958833526434662,EC958 (NZ_HG941718.1),Nanopolish / EC958 (NZ_HG941718.1)
nanopolish,CFT073,0.955281272326282,EC958 (NZ_HG941718.1),Nanopolish / EC958 (NZ_HG941718.1)
nanopolish,MINF_1A,0.9654882028363954,EC958 (NZ_HG941718.1),Nanopolish / EC958 (NZ_HG941718.1)
nanopolish,MINF_1D,0.9617806536652588,EC958 (NZ_HG941718.1),Nanopolish / EC958 (NZ_HG941718.1)
nanopolish,MINF_7C,0.9650181397982476,EC958 (NZ_HG941718.1),Nanopolish / EC958 (NZ_HG941718.1)
nanopolish,MINF_8D,0.9652392442579188,EC958 (NZ_HG941718.1),Nanopolish / EC958 (NZ_HG941718.1)
nanopolish,MINF_9A,0.9628413563777336,EC958 (NZ_HG941718.1),Nanopolish / EC958 (NZ_HG941718.1)
nanopolish,MSB1_1A,0.9701753220248884,EC958 (NZ_HG941718.1),Nanopolish / EC958 (NZ_HG941718.1)
nanopolish,MSB1_3B,0.9697503207063084,EC958 (NZ_HG941718.1),Nanopolish / EC958 (NZ_HG941718.1)
nanopolish,MSB1_4E,0.9017300346144828,EC958 (NZ_HG941718.1),Nanopolish / EC958 (NZ_HG941718.1)
nanopolish,MSB1_4I,0.9662530655232076,EC958 (NZ_HG941718.1),Nanopolish / EC958 (NZ_HG941718.1)
nanopolish,MSB1_6C,0.9742764125538164,EC958 (NZ_HG941718.1),Nanopolish / EC958 (NZ_HG941718.1)
nanopolish,MSB1_7A,0.9735025821065972,EC958 (NZ_HG941718.1),Nanopolish / EC958 (NZ_HG941718.1)
nanopolish,MSB1_7C,0.9708583257513668,EC958 (NZ_HG941718.1),Nanopolish / EC958 (NZ_HG941718.1)
nanopolish,MSB1_8B,0.9723169144137326,EC958 (NZ_HG941718.1),Nanopolish / EC958 (NZ_HG941718.1)
nanopolish,MSB1_8G,0.9666198672582166,EC958 (NZ_HG941718.1),Nanopolish / EC958 (NZ_HG941718.1)
nanopolish,MSB1_9D,0.9705988804861144,EC958 (NZ_HG941718.1),Nanopolish / EC958 (NZ_HG941718.1)
nanopolish,MSB2_1A,0.9590636156025084,EC958 (NZ_HG941718.1),Nanopolish / EC958 (NZ_HG941718.1)
nanopolish,H131800734,0.974882662383918,EC958 (NZ_HG941718.1),Nanopolish / EC958 (NZ_HG941718.1)
nanopolish,ST38,0.9675624673148522,EC958 (NZ_HG941718.1),Nanopolish / EC958 (NZ_HG941718.1)
nanopolish,063_STEC,0.9696652986334028,UMN026 (CU928163.2),Nanopolish / UMN026 (CU928163.2)
nanopolish,CFT073,0.9673064953993006,UMN026 (CU928163.2),Nanopolish / UMN026 (CU928163.2)
nanopolish,MINF_1A,0.9679066104018196,UMN026 (CU928163.2),Nanopolish / UMN026 (CU928163.2)
nanopolish,MINF_1D,0.9728149373452112,UMN026 (CU928163.2),Nanopolish / UMN026 (CU928163.2)
nanopolish,MINF_7C,0.9712270227657288,UMN026 (CU928163.2),Nanopolish / UMN026 (CU928163.2)
nanopolish,MINF_8D,0.9674114628708468,UMN026 (CU928163.2),Nanopolish / UMN026 (CU928163.2)
nanopolish,MINF_9A,0.9649183376540572,UMN026 (CU928163.2),Nanopolish / UMN026 (CU928163.2)
nanopolish,MSB1_1A,0.978960028781588,UMN026 (CU928163.2),Nanopolish / UMN026 (CU928163.2)
nanopolish,MSB1_3B,0.9654157568492012,UMN026 (CU928163.2),Nanopolish / UMN026 (CU928163.2)
nanopolish,MSB1_4E,0.9735135375404962,UMN026 (CU928163.2),Nanopolish / UMN026 (CU928163.2)
nanopolish,MSB1_4I,0.9714743942630228,UMN026 (CU928163.2),Nanopolish / UMN026 (CU928163.2)
nanopolish,MSB1_6C,0.9710810164182561,UMN026 (CU928163.2),Nanopolish / UMN026 (CU928163.2)
nanopolish,MSB1_7A,0.9639408277277388,UMN026 (CU928163.2),Nanopolish / UMN026 (CU928163.2)
nanopolish,MSB1_7C,0.8733054016222124,UMN026 (CU928163.2),Nanopolish / UMN026 (CU928163.2)
nanopolish,MSB1_8B,0.964954316982298,UMN026 (CU928163.2),Nanopolish / UMN026 (CU928163.2)
nanopolish,MSB1_8G,0.9772894976879628,UMN026 (CU928163.2),Nanopolish / UMN026 (CU928163.2)
nanopolish,MSB1_9D,0.9760138535208644,UMN026 (CU928163.2),Nanopolish / UMN026 (CU928163.2)
nanopolish,MSB2_1A,0.9737128691025544,UMN026 (CU928163.2),Nanopolish / UMN026 (CU928163.2)
nanopolish,H131800734,0.978283810937664,UMN026 (CU928163.2),Nanopolish / UMN026 (CU928163.2)
nanopolish,ST38,0.9592998396001676,UMN026 (CU928163.2),Nanopolish / UMN026 (CU928163.2)
nanopolish,063_STEC,0.9597143792454372,S88 (NC_011742.1),Nanopolish / S88 (NC_011742.1)
nanopolish,CFT073,0.95594533733663,S88 (NC_011742.1),Nanopolish / S88 (NC_011742.1)
nanopolish,MINF_1A,0.9651285320723858,S88 (NC_011742.1),Nanopolish / S88 (NC_011742.1)
nanopolish,MINF_1D,0.9685110598979084,S88 (NC_011742.1),Nanopolish / S88 (NC_011742.1)
nanopolish,MINF_7C,0.9666130184335324,S88 (NC_011742.1),Nanopolish / S88 (NC_011742.1)
nanopolish,MINF_8D,0.9616069563721696,S88 (NC_011742.1),Nanopolish / S88 (NC_011742.1)
nanopolish,MINF_9A,0.9659116890779684,S88 (NC_011742.1),Nanopolish / S88 (NC_011742.1)
nanopolish,MSB1_1A,0.9629105996852928,S88 (NC_011742.1),Nanopolish / S88 (NC_011742.1)
nanopolish,MSB1_3B,0.9674873137906168,S88 (NC_011742.1),Nanopolish / S88 (NC_011742.1)
nanopolish,MSB1_4E,0.9548952209991975,S88 (NC_011742.1),Nanopolish / S88 (NC_011742.1)
nanopolish,MSB1_4I,0.966205059185114,S88 (NC_011742.1),Nanopolish / S88 (NC_011742.1)
nanopolish,MSB1_6C,0.9729666433528849,S88 (NC_011742.1),Nanopolish / S88 (NC_011742.1)
nanopolish,MSB1_7A,0.9695278044326237,S88 (NC_011742.1),Nanopolish / S88 (NC_011742.1)
nanopolish,MSB1_7C,0.967572630976312,S88 (NC_011742.1),Nanopolish / S88 (NC_011742.1)
nanopolish,MSB1_8B,0.9639483312919088,S88 (NC_011742.1),Nanopolish / S88 (NC_011742.1)
nanopolish,MSB1_8G,0.9652648375396944,S88 (NC_011742.1),Nanopolish / S88 (NC_011742.1)
nanopolish,MSB1_9D,0.9711348696336246,S88 (NC_011742.1),Nanopolish / S88 (NC_011742.1)
nanopolish,MSB2_1A,0.9718588878507906,S88 (NC_011742.1),Nanopolish / S88 (NC_011742.1)
nanopolish,H131800734,0.9770464849783268,S88 (NC_011742.1),Nanopolish / S88 (NC_011742.1)
nanopolish,ST38,0.967464809905996,S88 (NC_011742.1),Nanopolish / S88 (NC_011742.1)
nanopolish,063_STEC,0.9775695237358001,H7 (CP010171.1),Nanopolish / H7 (CP010171.1)
nanopolish,CFT073,0.9782653836794332,H7 (CP010171.1),Nanopolish / H7 (CP010171.1)
nanopolish,MINF_1A,0.9739749001215908,H7 (CP010171.1),Nanopolish / H7 (CP010171.1)
nanopolish,MINF_1D,0.9776205534756474,H7 (CP010171.1),Nanopolish / H7 (CP010171.1)
nanopolish,MINF_7C,0.971591891190836,H7 (CP010171.1),Nanopolish / H7 (CP010171.1)
nanopolish,MINF_8D,0.9204906732490408,H7 (CP010171.1),Nanopolish / H7 (CP010171.1)
nanopolish,MINF_9A,0.9754392347613444,H7 (CP010171.1),Nanopolish / H7 (CP010171.1)
nanopolish,MSB1_1A,0.9721180436688008,H7 (CP010171.1),Nanopolish / H7 (CP010171.1)
nanopolish,MSB1_3B,0.9760386036057752,H7 (CP010171.1),Nanopolish / H7 (CP010171.1)
nanopolish,MSB1_4E,0.9786662811612376,H7 (CP010171.1),Nanopolish / H7 (CP010171.1)
nanopolish,MSB1_4I,0.9727339689419544,H7 (CP010171.1),Nanopolish / H7 (CP010171.1)
nanopolish,MSB1_6C,0.979392776489168,H7 (CP010171.1),Nanopolish / H7 (CP010171.1)
nanopolish,MSB1_7A,0.9771263906774472,H7 (CP010171.1),Nanopolish / H7 (CP010171.1)
nanopolish,MSB1_7C,0.9745074030795272,H7 (CP010171.1),Nanopolish / H7 (CP010171.1)
nanopolish,MSB1_8B,0.9762173575655848,H7 (CP010171.1),Nanopolish / H7 (CP010171.1)
nanopolish,MSB1_8G,0.9730646869543538,H7 (CP010171.1),Nanopolish / H7 (CP010171.1)
nanopolish,MSB1_9D,0.9531827679951134,H7 (CP010171.1),Nanopolish / H7 (CP010171.1)
nanopolish,MSB2_1A,0.9763503337675024,H7 (CP010171.1),Nanopolish / H7 (CP010171.1)
nanopolish,H131800734,0.9594600998810316,H7 (CP010171.1),Nanopolish / H7 (CP010171.1)
nanopolish,ST38,0.9745490451272244,H7 (CP010171.1),Nanopolish / H7 (CP010171.1)
nanopolish,063_STEC,0.9789470003740384,W3110 (NC_007779.1),Nanopolish / W3110 (NC_007779.1)
nanopolish,CFT073,0.9768008854439632,W3110 (NC_007779.1),Nanopolish / W3110 (NC_007779.1)
nanopolish,MINF_1A,0.9739583223756876,W3110 (NC_007779.1),Nanopolish / W3110 (NC_007779.1)
nanopolish,MINF_1D,0.9797926061871332,W3110 (NC_007779.1),Nanopolish / W3110 (NC_007779.1)
nanopolish,MINF_7C,0.9764131888904688,W3110 (NC_007779.1),Nanopolish / W3110 (NC_007779.1)
nanopolish,MINF_8D,0.9090212095995998,W3110 (NC_007779.1),Nanopolish / W3110 (NC_007779.1)
nanopolish,MINF_9A,0.9789724493691936,W3110 (NC_007779.1),Nanopolish / W3110 (NC_007779.1)
nanopolish,MSB1_1A,0.9772901082790784,W3110 (NC_007779.1),Nanopolish / W3110 (NC_007779.1)
nanopolish,MSB1_3B,0.9760543440488602,W3110 (NC_007779.1),Nanopolish / W3110 (NC_007779.1)
nanopolish,MSB1_4E,0.9773726528647084,W3110 (NC_007779.1),Nanopolish / W3110 (NC_007779.1)
nanopolish,MSB1_4I,0.9747480413611826,W3110 (NC_007779.1),Nanopolish / W3110 (NC_007779.1)
nanopolish,MSB1_6C,0.979155449429262,W3110 (NC_007779.1),Nanopolish / W3110 (NC_007779.1)
nanopolish,MSB1_7A,0.976558458490178,W3110 (NC_007779.1),Nanopolish / W3110 (NC_007779.1)
nanopolish,MSB1_7C,0.9778187881547964,W3110 (NC_007779.1),Nanopolish / W3110 (NC_007779.1)
nanopolish,MSB1_8B,0.9798333885058887,W3110 (NC_007779.1),Nanopolish / W3110 (NC_007779.1)
nanopolish,MSB1_8G,0.9750162283574032,W3110 (NC_007779.1),Nanopolish / W3110 (NC_007779.1)
nanopolish,MSB1_9D,0.9590163332047252,W3110 (NC_007779.1),Nanopolish / W3110 (NC_007779.1)
nanopolish,MSB2_1A,0.9778275105070348,W3110 (NC_007779.1),Nanopolish / W3110 (NC_007779.1)
nanopolish,H131800734,0.9537596651202472,W3110 (NC_007779.1),Nanopolish / W3110 (NC_007779.1)
nanopolish,ST38,0.976781230427261,W3110 (NC_007779.1),Nanopolish / W3110 (NC_007779.1)
nanopolish,063_STEC,0.9711946367732718,NGF1 (NZ_CP016007.1),Nanopolish / NGF1 (NZ_CP016007.1)
nanopolish,CFT073,0.9732331276968718,NGF1 (NZ_CP016007.1),Nanopolish / NGF1 (NZ_CP016007.1)
nanopolish,MINF_1A,0.9721010227292464,NGF1 (NZ_CP016007.1),Nanopolish / NGF1 (NZ_CP016007.1)
nanopolish,MINF_1D,0.9185993416162264,NGF1 (NZ_CP016007.1),Nanopolish / NGF1 (NZ_CP016007.1)
nanopolish,MINF_7C,0.9673246804487504,NGF1 (NZ_CP016007.1),Nanopolish / NGF1 (NZ_CP016007.1)
nanopolish,MINF_8D,0.96529294443443,NGF1 (NZ_CP016007.1),Nanopolish / NGF1 (NZ_CP016007.1)
nanopolish,MINF_9A,0.970155971448508,NGF1 (NZ_CP016007.1),Nanopolish / NGF1 (NZ_CP016007.1)
nanopolish,MSB1_1A,0.9710466633643856,NGF1 (NZ_CP016007.1),Nanopolish / NGF1 (NZ_CP016007.1)
nanopolish,MSB1_3B,0.9731105964210892,NGF1 (NZ_CP016007.1),Nanopolish / NGF1 (NZ_CP016007.1)
nanopolish,MSB1_4E,0.9635629659282045,NGF1 (NZ_CP016007.1),Nanopolish / NGF1 (NZ_CP016007.1)
nanopolish,MSB1_4I,0.9750570912375792,NGF1 (NZ_CP016007.1),Nanopolish / NGF1 (NZ_CP016007.1)
nanopolish,MSB1_6C,0.97512465400438,NGF1 (NZ_CP016007.1),Nanopolish / NGF1 (NZ_CP016007.1)
nanopolish,MSB1_7A,0.973363247450867,NGF1 (NZ_CP016007.1),Nanopolish / NGF1 (NZ_CP016007.1)
nanopolish,MSB1_7C,0.9693961064812184,NGF1 (NZ_CP016007.1),Nanopolish / NGF1 (NZ_CP016007.1)
nanopolish,MSB1_8B,0.9710305535708716,NGF1 (NZ_CP016007.1),Nanopolish / NGF1 (NZ_CP016007.1)
nanopolish,MSB1_8G,0.970325112310654,NGF1 (NZ_CP016007.1),Nanopolish / NGF1 (NZ_CP016007.1)
nanopolish,MSB1_9D,0.9707793958397948,NGF1 (NZ_CP016007.1),Nanopolish / NGF1 (NZ_CP016007.1)
nanopolish,MSB2_1A,0.9674672135968008,NGF1 (NZ_CP016007.1),Nanopolish / NGF1 (NZ_CP016007.1)
nanopolish,H131800734,0.9794886385039296,NGF1 (NZ_CP016007.1),Nanopolish / NGF1 (NZ_CP016007.1)
nanopolish,ST38,0.9714217726887991,NGF1 (NZ_CP016007.1),Nanopolish / NGF1 (NZ_CP016007.1)
nanopolish,063_STEC,0.9773957077956644,Y5 (NZ_CP013483.1),Nanopolish / Y5 (NZ_CP013483.1)
nanopolish,CFT073,0.9704254961240882,Y5 (NZ_CP013483.1),Nanopolish / Y5 (NZ_CP013483.1)
nanopolish,MINF_1A,0.9712037104540518,Y5 (NZ_CP013483.1),Nanopolish / Y5 (NZ_CP013483.1)
nanopolish,MINF_1D,0.972834218356098,Y5 (NZ_CP013483.1),Nanopolish / Y5 (NZ_CP013483.1)
nanopolish,MINF_7C,0.9672806409901166,Y5 (NZ_CP013483.1),Nanopolish / Y5 (NZ_CP013483.1)
nanopolish,MINF_8D,0.8546175692880229,Y5 (NZ_CP013483.1),Nanopolish / Y5 (NZ_CP013483.1)
nanopolish,MINF_9A,0.9753270473161992,Y5 (NZ_CP013483.1),Nanopolish / Y5 (NZ_CP013483.1)
nanopolish,MSB1_1A,0.9541625634421634,Y5 (NZ_CP013483.1),Nanopolish / Y5 (NZ_CP013483.1)
nanopolish,MSB1_3B,0.972452155176491,Y5 (NZ_CP013483.1),Nanopolish / Y5 (NZ_CP013483.1)
nanopolish,MSB1_4E,0.9738280589837222,Y5 (NZ_CP013483.1),Nanopolish / Y5 (NZ_CP013483.1)
nanopolish,MSB1_4I,0.9731774732235401,Y5 (NZ_CP013483.1),Nanopolish / Y5 (NZ_CP013483.1)
nanopolish,MSB1_6C,0.9756056444216494,Y5 (NZ_CP013483.1),Nanopolish / Y5 (NZ_CP013483.1)
nanopolish,MSB1_7A,0.973207518319903,Y5 (NZ_CP013483.1),Nanopolish / Y5 (NZ_CP013483.1)
nanopolish,MSB1_7C,0.9714450965826184,Y5 (NZ_CP013483.1),Nanopolish / Y5 (NZ_CP013483.1)
nanopolish,MSB1_8B,0.9762293833003692,Y5 (NZ_CP013483.1),Nanopolish / Y5 (NZ_CP013483.1)
nanopolish,MSB1_8G,0.9527637114856524,Y5 (NZ_CP013483.1),Nanopolish / Y5 (NZ_CP013483.1)
nanopolish,MSB1_9D,0.9574426159299452,Y5 (NZ_CP013483.1),Nanopolish / Y5 (NZ_CP013483.1)
nanopolish,MSB2_1A,0.9723057123786436,Y5 (NZ_CP013483.1),Nanopolish / Y5 (NZ_CP013483.1)
nanopolish,H131800734,0.9541902987460156,Y5 (NZ_CP013483.1),Nanopolish / Y5 (NZ_CP013483.1)
nanopolish,ST38,0.9720139250232228,Y5 (NZ_CP013483.1),Nanopolish / Y5 (NZ_CP013483.1)
nanopolish,063_STEC,0.9773166745118878,C1 (CP010116.1),Nanopolish / C1 (CP010116.1)
nanopolish,CFT073,0.9728855128587032,C1 (CP010116.1),Nanopolish / C1 (CP010116.1)
nanopolish,MINF_1A,0.9681404352494588,C1 (CP010116.1),Nanopolish / C1 (CP010116.1)
nanopolish,MINF_1D,0.973397705875376,C1 (CP010116.1),Nanopolish / C1 (CP010116.1)
nanopolish,MINF_7C,0.9562411455550064,C1 (CP010116.1),Nanopolish / C1 (CP010116.1)
nanopolish,MINF_8D,0.9681003527205918,C1 (CP010116.1),Nanopolish / C1 (CP010116.1)
nanopolish,MINF_9A,0.9729302259961441,C1 (CP010116.1),Nanopolish / C1 (CP010116.1)
nanopolish,MSB1_1A,0.9756027924340132,C1 (CP010116.1),Nanopolish / C1 (CP010116.1)
nanopolish,MSB1_3B,0.9304840591013932,C1 (CP010116.1),Nanopolish / C1 (CP010116.1)
nanopolish,MSB1_4E,0.9748095266563044,C1 (CP010116.1),Nanopolish / C1 (CP010116.1)
nanopolish,MSB1_4I,0.9726659372526184,C1 (CP010116.1),Nanopolish / C1 (CP010116.1)
nanopolish,MSB1_6C,0.9309099481376708,C1 (CP010116.1),Nanopolish / C1 (CP010116.1)
nanopolish,MSB1_7A,0.9345061179782146,C1 (CP010116.1),Nanopolish / C1 (CP010116.1)
nanopolish,MSB1_7C,0.9617356578989676,C1 (CP010116.1),Nanopolish / C1 (CP010116.1)
nanopolish,MSB1_8B,0.9735125925419972,C1 (CP010116.1),Nanopolish / C1 (CP010116.1)
nanopolish,MSB1_8G,0.9720617334665034,C1 (CP010116.1),Nanopolish / C1 (CP010116.1)
nanopolish,MSB1_9D,0.9751906554638278,C1 (CP010116.1),Nanopolish / C1 (CP010116.1)
nanopolish,MSB2_1A,0.9733459130799412,C1 (CP010116.1),Nanopolish / C1 (CP010116.1)
nanopolish,H131800734,0.9737293570626904,C1 (CP010116.1),Nanopolish / C1 (CP010116.1)
nanopolish,ST38,0.9304305301814022,C1 (CP010116.1),Nanopolish / C1 (CP010116.1)
nanopolish,063_STEC,0.9796953298249096,S1 (CP010226.1),Nanopolish / S1 (CP010226.1)
nanopolish,CFT073,0.9740990056996268,S1 (CP010226.1),Nanopolish / S1 (CP010226.1)
nanopolish,MINF_1A,0.9745254286989228,S1 (CP010226.1),Nanopolish / S1 (CP010226.1)
nanopolish,MINF_1D,0.9767607340793524,S1 (CP010226.1),Nanopolish / S1 (CP010226.1)
nanopolish,MINF_7C,0.975364591662184,S1 (CP010226.1),Nanopolish / S1 (CP010226.1)
nanopolish,MINF_8D,0.9432946242783607,S1 (CP010226.1),Nanopolish / S1 (CP010226.1)
nanopolish,MINF_9A,0.9704099688636134,S1 (CP010226.1),Nanopolish / S1 (CP010226.1)
nanopolish,MSB1_1A,0.9720704346190914,S1 (CP010226.1),Nanopolish / S1 (CP010226.1)
nanopolish,MSB1_3B,0.9763756450172304,S1 (CP010226.1),Nanopolish / S1 (CP010226.1)
nanopolish,MSB1_4E,0.976314366621043,S1 (CP010226.1),Nanopolish / S1 (CP010226.1)
nanopolish,MSB1_4I,0.9723304170764956,S1 (CP010226.1),Nanopolish / S1 (CP010226.1)
nanopolish,MSB1_6C,0.9767254477618292,S1 (CP010226.1),Nanopolish / S1 (CP010226.1)
nanopolish,MSB1_7A,0.9763547121681179,S1 (CP010226.1),Nanopolish / S1 (CP010226.1)
nanopolish,MSB1_7C,0.9794637779096956,S1 (CP010226.1),Nanopolish / S1 (CP010226.1)
nanopolish,MSB1_8B,0.9719774803613708,S1 (CP010226.1),Nanopolish / S1 (CP010226.1)
nanopolish,MSB1_8G,0.970988228223152,S1 (CP010226.1),Nanopolish / S1 (CP010226.1)
nanopolish,MSB1_9D,0.9418024314102744,S1 (CP010226.1),Nanopolish / S1 (CP010226.1)
nanopolish,MSB2_1A,0.9806160096173776,S1 (CP010226.1),Nanopolish / S1 (CP010226.1)
nanopolish,H131800734,0.8162504433803319,S1 (CP010226.1),Nanopolish / S1 (CP010226.1)
nanopolish,ST38,0.9778379403414054,S1 (CP010226.1),Nanopolish / S1 (CP010226.1)
nanopolish,063_STEC,0.9805701005869728,H6 (CP010170.1),Nanopolish / H6 (CP010170.1)
nanopolish,CFT073,0.9779600674630348,H6 (CP010170.1),Nanopolish / H6 (CP010170.1)
nanopolish,MINF_1A,0.9739780470670883,H6 (CP010170.1),Nanopolish / H6 (CP010170.1)
nanopolish,MINF_1D,0.979680198088861,H6 (CP010170.1),Nanopolish / H6 (CP010170.1)
nanopolish,MINF_7C,0.9740848137643628,H6 (CP010170.1),Nanopolish / H6 (CP010170.1)
nanopolish,MINF_8D,0.9452213266888708,H6 (CP010170.1),Nanopolish / H6 (CP010170.1)
nanopolish,MINF_9A,0.9778129241566524,H6 (CP010170.1),Nanopolish / H6 (CP010170.1)
nanopolish,MSB1_1A,0.9760510701627274,H6 (CP010170.1),Nanopolish / H6 (CP010170.1)
nanopolish,MSB1_3B,0.976803579455764,H6 (CP010170.1),Nanopolish / H6 (CP010170.1)
nanopolish,MSB1_4E,0.97831797922623,H6 (CP010170.1),Nanopolish / H6 (CP010170.1)
nanopolish,MSB1_4I,0.9766093426780696,H6 (CP010170.1),Nanopolish / H6 (CP010170.1)
nanopolish,MSB1_6C,0.9777019449176604,H6 (CP010170.1),Nanopolish / H6 (CP010170.1)
nanopolish,MSB1_7A,0.9774656581191216,H6 (CP010170.1),Nanopolish / H6 (CP010170.1)
nanopolish,MSB1_7C,0.9799995628319744,H6 (CP010170.1),Nanopolish / H6 (CP010170.1)
nanopolish,MSB1_8B,0.9795898113907776,H6 (CP010170.1),Nanopolish / H6 (CP010170.1)
nanopolish,MSB1_8G,0.9757022356815066,H6 (CP010170.1),Nanopolish / H6 (CP010170.1)
nanopolish,MSB1_9D,0.919228033898916,H6 (CP010170.1),Nanopolish / H6 (CP010170.1)
nanopolish,MSB2_1A,0.9788575275603804,H6 (CP010170.1),Nanopolish / H6 (CP010170.1)
nanopolish,H131800734,0.9544699535469064,H6 (CP010170.1),Nanopolish / H6 (CP010170.1)
nanopolish,ST38,0.9757837045504512,H6 (CP010170.1),Nanopolish / H6 (CP010170.1)
