tool,sample,nb_of_samples,recalls_wrt_truth_probes,ref,tool_and_ref
Pandora illumina no denovo,063_STEC,13,0.8376047313947758,PRG,Pandora illumina no denovo / PRG
Pandora illumina with denovo,063_STEC,13,0.8457368161655988,PRG,Pandora illumina with denovo / PRG
Snippy,063_STEC,13,0.9070970921636274,LF82,Snippy / LF82 (NC_011993.1)
Snippy,063_STEC,13,0.921636274026614,JJ1886,Snippy / JJ1886 (NC_022648.1)
Snippy,063_STEC,13,0.8085263676688024,C4,Snippy / C4 (CP010121.1)
Snippy,063_STEC,13,0.7397732873336619,EcRV308Chr,Snippy / EcRV308Chr (NZ_LM995446.1)
Snippy,063_STEC,13,0.9265648102513554,NCTC_13441,Snippy / NCTC_13441 (NZ_LT632320.1)
Snippy,063_STEC,13,0.7028092656481025,MRSN346595,Snippy / MRSN346595 (NZ_CP018109.1)
Snippy,063_STEC,13,0.8965007392804337,CE10,Snippy / CE10 (NC_017646.1)
Snippy,063_STEC,13,0.8233119763430261,MRSN346647,Snippy / MRSN346647 (CP018206.1)
Snippy,063_STEC,13,0.8127156234598324,VR50,Snippy / VR50 (NZ_CP011134.1)
Snippy,063_STEC,13,0.9162148841793988,ST648,Snippy / ST648 (NZ_CP008697.1)
Snippy,063_STEC,13,0.7535731887629374,S21,Snippy / S21 (CP010230.1)
Snippy,063_STEC,13,0.9130113356333168,SMS-3-5,Snippy / SMS-3-5 (NC_010498.1)
Snippy,063_STEC,13,0.8023656973878758,09-00049,Snippy / 09-00049 (NZ_CP015228.1)
Snippy,063_STEC,13,0.8997042878265156,ECONIH1,Snippy / ECONIH1 (NZ_CP009859.1)
Snippy,063_STEC,13,0.9312469196648596,EC958,Snippy / EC958 (NZ_HG941718.1)
Snippy,063_STEC,13,0.8201084277969443,UMN026,Snippy / UMN026 (CU928163.2)
Snippy,063_STEC,13,0.9536717594874322,S88,Snippy / S88 (NC_011742.1)
Snippy,063_STEC,13,0.7387875800887137,H7,Snippy / H7 (CP010171.1)
Snippy,063_STEC,13,0.7434696895022178,W3110,Snippy / W3110 (NC_007779.1)
Snippy,063_STEC,13,0.9056185312962052,NGF1,Snippy / NGF1 (NZ_CP016007.1)
Snippy,063_STEC,13,0.6776737309019222,Y5,Snippy / Y5 (NZ_CP013483.1)
Snippy,063_STEC,13,0.7991621488417942,C1,Snippy / C1 (CP010116.1)
Snippy,063_STEC,13,0.728437654016757,S1,Snippy / S1 (CP010226.1)
Snippy,063_STEC,13,0.7321340561853129,H6,Snippy / H6 (CP010170.1)
Pandora illumina no denovo,CFT073,13,0.918595153825211,PRG,Pandora illumina no denovo / PRG
Pandora illumina with denovo,CFT073,13,0.918459025319902,PRG,Pandora illumina with denovo / PRG
Snippy,CFT073,13,0.9607949904710046,LF82,Snippy / LF82 (NC_011993.1)
Snippy,CFT073,13,0.9447318268445412,JJ1886,Snippy / JJ1886 (NC_022648.1)
Snippy,CFT073,13,0.8740811325891642,C4,Snippy / C4 (CP010121.1)
Snippy,CFT073,13,0.8532534712768853,EcRV308Chr,Snippy / EcRV308Chr (NZ_LM995446.1)
Snippy,CFT073,13,0.942962156275524,NCTC_13441,Snippy / NCTC_13441 (NZ_LT632320.1)
Snippy,CFT073,13,0.8234413286142118,MRSN346595,Snippy / MRSN346595 (NZ_CP018109.1)
Snippy,CFT073,13,0.94078410019058,CE10,Snippy / CE10 (NC_017646.1)
Snippy,CFT073,13,0.8849714130138852,MRSN346647,Snippy / MRSN346647 (CP018206.1)
Snippy,CFT073,13,0.9074326163898722,VR50,Snippy / VR50 (NZ_CP011134.1)
Snippy,CFT073,13,0.942962156275524,ST648,Snippy / ST648 (NZ_CP008697.1)
Snippy,CFT073,13,0.8626463381432072,S21,Snippy / S21 (CP010230.1)
Snippy,CFT073,13,0.9399673291587258,SMS-3-5,Snippy / SMS-3-5 (NC_010498.1)
Snippy,CFT073,13,0.8739450040838551,09-00049,Snippy / 09-00049 (NZ_CP015228.1)
Snippy,CFT073,13,0.9375170160631636,ECONIH1,Snippy / ECONIH1 (NZ_CP009859.1)
Snippy,CFT073,13,0.9455485978763952,EC958,Snippy / EC958 (NZ_HG941718.1)
Snippy,CFT073,13,0.9032126327252928,UMN026,Snippy / UMN026 (CU928163.2)
Snippy,CFT073,13,0.977674925129322,S88,Snippy / S88 (NC_011742.1)
Snippy,CFT073,13,0.8513476722025592,H7,Snippy / H7 (CP010171.1)
Snippy,CFT073,13,0.8584263544786278,W3110,Snippy / W3110 (NC_007779.1)
Snippy,CFT073,13,0.9503130955622108,NGF1,Snippy / NGF1 (NZ_CP016007.1)
Snippy,CFT073,13,0.8399128777566023,Y5,Snippy / Y5 (NZ_CP013483.1)
Snippy,CFT073,13,0.8610127960794991,C1,Snippy / C1 (CP010116.1)
Snippy,CFT073,13,0.8532534712768853,S1,Snippy / S1 (CP010226.1)
Snippy,CFT073,13,0.8706779199564388,H6,Snippy / H6 (CP010170.1)
Pandora illumina no denovo,Escherichia_coli_MINF_1A,13,0.8931297709923665,PRG,Pandora illumina no denovo / PRG
Pandora illumina with denovo,Escherichia_coli_MINF_1A,13,0.8945529822745504,PRG,Pandora illumina with denovo / PRG
Snippy,Escherichia_coli_MINF_1A,13,0.7092767499029629,LF82,Snippy / LF82 (NC_011993.1)
Snippy,Escherichia_coli_MINF_1A,13,0.7158752749385432,JJ1886,Snippy / JJ1886 (NC_022648.1)
Snippy,Escherichia_coli_MINF_1A,13,0.7821192909820158,C4,Snippy / C4 (CP010121.1)
Snippy,Escherichia_coli_MINF_1A,13,0.7848363307025489,EcRV308Chr,Snippy / EcRV308Chr (NZ_LM995446.1)
Snippy,Escherichia_coli_MINF_1A,13,0.7197567602535904,NCTC_13441,Snippy / NCTC_13441 (NZ_LT632320.1)
Snippy,Escherichia_coli_MINF_1A,13,0.7898822616121103,MRSN346595,Snippy / MRSN346595 (NZ_CP018109.1)
Snippy,Escherichia_coli_MINF_1A,13,0.9407426575236124,CE10,Snippy / CE10 (NC_017646.1)
Snippy,Escherichia_coli_MINF_1A,13,0.8427998447405874,MRSN346647,Snippy / MRSN346647 (CP018206.1)
Snippy,Escherichia_coli_MINF_1A,13,0.8787682753266917,VR50,Snippy / VR50 (NZ_CP011134.1)
Snippy,Escherichia_coli_MINF_1A,13,0.9627377409755468,ST648,Snippy / ST648 (NZ_CP008697.1)
Snippy,Escherichia_coli_MINF_1A,13,0.8236511838530209,S21,Snippy / S21 (CP010230.1)
Snippy,Escherichia_coli_MINF_1A,13,0.9385431491784192,SMS-3-5,Snippy / SMS-3-5 (NC_010498.1)
Snippy,Escherichia_coli_MINF_1A,13,0.8483633070254885,09-00049,Snippy / 09-00049 (NZ_CP015228.1)
Snippy,Escherichia_coli_MINF_1A,13,0.9447535256824944,ECONIH1,Snippy / ECONIH1 (NZ_CP009859.1)
Snippy,Escherichia_coli_MINF_1A,13,0.7209212058481046,EC958,Snippy / EC958 (NZ_HG941718.1)
Snippy,Escherichia_coli_MINF_1A,13,0.8395652736447147,UMN026,Snippy / UMN026 (CU928163.2)
Snippy,Escherichia_coli_MINF_1A,13,0.7467977746150859,S88,Snippy / S88 (NC_011742.1)
Snippy,Escherichia_coli_MINF_1A,13,0.7872946047354121,H7,Snippy / H7 (CP010171.1)
Snippy,Escherichia_coli_MINF_1A,13,0.7907879415189546,W3110,Snippy / W3110 (NC_007779.1)
Snippy,Escherichia_coli_MINF_1A,13,0.7029369905550524,NGF1,Snippy / NGF1 (NZ_CP016007.1)
Snippy,Escherichia_coli_MINF_1A,13,0.7977746150860396,Y5,Snippy / Y5 (NZ_CP013483.1)
Snippy,Escherichia_coli_MINF_1A,13,0.8250743951352051,C1,Snippy / C1 (CP010116.1)
Snippy,Escherichia_coli_MINF_1A,13,0.7584422305602277,S1,Snippy / S1 (CP010226.1)
Snippy,Escherichia_coli_MINF_1A,13,0.7699573036615345,H6,Snippy / H6 (CP010170.1)
Pandora illumina no denovo,Escherichia_coli_MINF_1D,13,0.8983430362740707,PRG,Pandora illumina no denovo / PRG
Pandora illumina with denovo,Escherichia_coli_MINF_1D,13,0.8954321540528437,PRG,Pandora illumina with denovo / PRG
Snippy,Escherichia_coli_MINF_1D,13,0.9228616211374832,LF82,Snippy / LF82 (NC_011993.1)
Snippy,Escherichia_coli_MINF_1D,13,0.9223018360949397,JJ1886,Snippy / JJ1886 (NC_022648.1)
Snippy,Escherichia_coli_MINF_1D,13,0.8343036274070756,C4,Snippy / C4 (CP010121.1)
Snippy,Escherichia_coli_MINF_1D,13,0.7686968204209583,EcRV308Chr,Snippy / EcRV308Chr (NZ_LM995446.1)
Snippy,Escherichia_coli_MINF_1D,13,0.924652933273623,NCTC_13441,Snippy / NCTC_13441 (NZ_LT632320.1)
Snippy,Escherichia_coli_MINF_1D,13,0.7570532915360502,MRSN346595,Snippy / MRSN346595 (NZ_CP018109.1)
Snippy,Escherichia_coli_MINF_1D,13,0.9064039408866996,CE10,Snippy / CE10 (NC_017646.1)
Snippy,Escherichia_coli_MINF_1D,13,0.8549037169726825,MRSN346647,Snippy / MRSN346647 (CP018206.1)
Snippy,Escherichia_coli_MINF_1D,13,0.9075235109717869,VR50,Snippy / VR50 (NZ_CP011134.1)
Snippy,Escherichia_coli_MINF_1D,13,0.9305866547245858,ST648,Snippy / ST648 (NZ_CP008697.1)
Snippy,Escherichia_coli_MINF_1D,13,0.8109046126287506,S21,Snippy / S21 (CP010230.1)
Snippy,Escherichia_coli_MINF_1D,13,0.9193909538737124,SMS-3-5,Snippy / SMS-3-5 (NC_010498.1)
Snippy,Escherichia_coli_MINF_1D,13,0.8522167487684729,09-00049,Snippy / 09-00049 (NZ_CP015228.1)
Snippy,Escherichia_coli_MINF_1D,13,0.9345051500223914,ECONIH1,Snippy / ECONIH1 (NZ_CP009859.1)
Snippy,Escherichia_coli_MINF_1D,13,0.9290192566054636,EC958,Snippy / EC958 (NZ_HG941718.1)
Snippy,Escherichia_coli_MINF_1D,13,0.8513210927004029,UMN026,Snippy / UMN026 (CU928163.2)
Snippy,Escherichia_coli_MINF_1D,13,0.9638378862516792,S88,Snippy / S88 (NC_011742.1)
Snippy,Escherichia_coli_MINF_1D,13,0.7920958351992835,H7,Snippy / H7 (CP010171.1)
Snippy,Escherichia_coli_MINF_1D,13,0.774294670846395,W3110,Snippy / W3110 (NC_007779.1)
Snippy,Escherichia_coli_MINF_1D,13,0.9343931930138828,NGF1,Snippy / NGF1 (NZ_CP016007.1)
Snippy,Escherichia_coli_MINF_1D,13,0.7756381549484997,Y5,Snippy / Y5 (NZ_CP013483.1)
Snippy,Escherichia_coli_MINF_1D,13,0.8251231527093597,C1,Snippy / C1 (CP010116.1)
Snippy,Escherichia_coli_MINF_1D,13,0.7682489923869235,S1,Snippy / S1 (CP010226.1)
Snippy,Escherichia_coli_MINF_1D,13,0.774294670846395,H6,Snippy / H6 (CP010170.1)
Pandora illumina no denovo,Escherichia_coli_MINF_7C,13,0.8690658499234303,PRG,Pandora illumina no denovo / PRG
Pandora illumina with denovo,Escherichia_coli_MINF_7C,13,0.8685553854007146,PRG,Pandora illumina with denovo / PRG
Snippy,Escherichia_coli_MINF_7C,13,0.7039305768249107,LF82,Snippy / LF82 (NC_011993.1)
Snippy,Escherichia_coli_MINF_7C,13,0.7120980091883614,JJ1886,Snippy / JJ1886 (NC_022648.1)
Snippy,Escherichia_coli_MINF_7C,13,0.8094691168963757,C4,Snippy / C4 (CP010121.1)
Snippy,Escherichia_coli_MINF_7C,13,0.7143950995405819,EcRV308Chr,Snippy / EcRV308Chr (NZ_LM995446.1)
Snippy,Escherichia_coli_MINF_7C,13,0.7146503318019398,NCTC_13441,Snippy / NCTC_13441 (NZ_LT632320.1)
Snippy,Escherichia_coli_MINF_7C,13,0.7198825931597754,MRSN346595,Snippy / MRSN346595 (NZ_CP018109.1)
Snippy,Escherichia_coli_MINF_7C,13,0.9159009698825932,CE10,Snippy / CE10 (NC_017646.1)
Snippy,Escherichia_coli_MINF_7C,13,0.8339714139867279,MRSN346647,Snippy / MRSN346647 (CP018206.1)
Snippy,Escherichia_coli_MINF_7C,13,0.8619193466054109,VR50,Snippy / VR50 (NZ_CP011134.1)
Snippy,Escherichia_coli_MINF_7C,13,0.9451250638080654,ST648,Snippy / ST648 (NZ_CP008697.1)
Snippy,Escherichia_coli_MINF_7C,13,0.7816488004083716,S21,Snippy / S21 (CP010230.1)
Snippy,Escherichia_coli_MINF_7C,13,0.8975242470648291,SMS-3-5,Snippy / SMS-3-5 (NC_010498.1)
Snippy,Escherichia_coli_MINF_7C,13,0.8227411944869831,09-00049,Snippy / 09-00049 (NZ_CP015228.1)
Snippy,Escherichia_coli_MINF_7C,13,0.9324910668708524,ECONIH1,Snippy / ECONIH1 (NZ_CP009859.1)
Snippy,Escherichia_coli_MINF_7C,13,0.7182235834609495,EC958,Snippy / EC958 (NZ_HG941718.1)
Snippy,Escherichia_coli_MINF_7C,13,0.8841245533435427,UMN026,Snippy / UMN026 (CU928163.2)
Snippy,Escherichia_coli_MINF_7C,13,0.7613578356304237,S88,Snippy / S88 (NC_011742.1)
Snippy,Escherichia_coli_MINF_7C,13,0.7277947932618682,H7,Snippy / H7 (CP010171.1)
Snippy,Escherichia_coli_MINF_7C,13,0.7206482899438489,W3110,Snippy / W3110 (NC_007779.1)
Snippy,Escherichia_coli_MINF_7C,13,0.6995916283818274,NGF1,Snippy / NGF1 (NZ_CP016007.1)
Snippy,Escherichia_coli_MINF_7C,13,0.7251148545176109,Y5,Snippy / Y5 (NZ_CP013483.1)
Snippy,Escherichia_coli_MINF_7C,13,0.8072996426748341,C1,Snippy / C1 (CP010116.1)
Snippy,Escherichia_coli_MINF_7C,13,0.6726646248085758,S1,Snippy / S1 (CP010226.1)
Snippy,Escherichia_coli_MINF_7C,13,0.6980602348136804,H6,Snippy / H6 (CP010170.1)
Pandora illumina no denovo,Escherichia_coli_MINF_8D,13,0.9039016745030108,PRG,Pandora illumina no denovo / PRG
Pandora illumina with denovo,Escherichia_coli_MINF_8D,13,0.9053864554978142,PRG,Pandora illumina with denovo / PRG
Snippy,Escherichia_coli_MINF_8D,13,0.6776375484616021,LF82,Snippy / LF82 (NC_011993.1)
Snippy,Escherichia_coli_MINF_8D,13,0.6943000907366164,JJ1886,Snippy / JJ1886 (NC_022648.1)
Snippy,Escherichia_coli_MINF_8D,13,0.8152272539800379,C4,Snippy / C4 (CP010121.1)
Snippy,Escherichia_coli_MINF_8D,13,0.8792378124226676,EcRV308Chr,Snippy / EcRV308Chr (NZ_LM995446.1)
Snippy,Escherichia_coli_MINF_8D,13,0.6992493607192939,NCTC_13441,Snippy / NCTC_13441 (NZ_LT632320.1)
Snippy,Escherichia_coli_MINF_8D,13,0.92279138827023,MRSN346595,Snippy / MRSN346595 (NZ_CP018109.1)
Snippy,Escherichia_coli_MINF_8D,13,0.9101707498144024,CE10,Snippy / CE10 (NC_017646.1)
Snippy,Escherichia_coli_MINF_8D,13,0.8897962550523798,MRSN346647,Snippy / MRSN346647 (CP018206.1)
Snippy,Escherichia_coli_MINF_8D,13,0.9780582364101296,VR50,Snippy / VR50 (NZ_CP011134.1)
Snippy,Escherichia_coli_MINF_8D,13,0.9503423245071352,ST648,Snippy / ST648 (NZ_CP008697.1)
Snippy,Escherichia_coli_MINF_8D,13,0.9088509444856884,S21,Snippy / S21 (CP010230.1)
Snippy,Escherichia_coli_MINF_8D,13,0.8995298193516457,SMS-3-5,Snippy / SMS-3-5 (NC_010498.1)
Snippy,Escherichia_coli_MINF_8D,13,0.9413511507052712,09-00049,Snippy / 09-00049 (NZ_CP015228.1)
Snippy,Escherichia_coli_MINF_8D,13,0.9451455910253238,ECONIH1,Snippy / ECONIH1 (NZ_CP009859.1)
Snippy,Escherichia_coli_MINF_8D,13,0.6997442877175617,EC958,Snippy / EC958 (NZ_HG941718.1)
Snippy,Escherichia_coli_MINF_8D,13,0.8573785366658417,UMN026,Snippy / UMN026 (CU928163.2)
Snippy,Escherichia_coli_MINF_8D,13,0.7210261486430751,S88,Snippy / S88 (NC_011742.1)
Snippy,Escherichia_coli_MINF_8D,13,0.9034067475047428,H7,Snippy / H7 (CP010171.1)
Snippy,Escherichia_coli_MINF_8D,13,0.8911160603810938,W3110,Snippy / W3110 (NC_007779.1)
Snippy,Escherichia_coli_MINF_8D,13,0.6677390084962468,NGF1,Snippy / NGF1 (NZ_CP016007.1)
Snippy,Escherichia_coli_MINF_8D,13,0.950589788006269,Y5,Snippy / Y5 (NZ_CP013483.1)
Snippy,Escherichia_coli_MINF_8D,13,0.8646374659737689,C1,Snippy / C1 (CP010116.1)
Snippy,Escherichia_coli_MINF_8D,13,0.8439330198795678,S1,Snippy / S1 (CP010226.1)
Snippy,Escherichia_coli_MINF_8D,13,0.8584508784954219,H6,Snippy / H6 (CP010170.1)
Pandora illumina no denovo,Escherichia_coli_MINF_9A,13,0.8508044856167724,PRG,Pandora illumina no denovo / PRG
Pandora illumina with denovo,Escherichia_coli_MINF_9A,13,0.8492442710872745,PRG,Pandora illumina with denovo / PRG
Snippy,Escherichia_coli_MINF_9A,13,0.6104339346660166,LF82,Snippy / LF82 (NC_011993.1)
Snippy,Escherichia_coli_MINF_9A,13,0.625450999512433,JJ1886,Snippy / JJ1886 (NC_022648.1)
Snippy,Escherichia_coli_MINF_9A,13,0.7813749390541199,C4,Snippy / C4 (CP010121.1)
Snippy,Escherichia_coli_MINF_9A,13,0.7399317406143344,EcRV308Chr,Snippy / EcRV308Chr (NZ_LM995446.1)
Snippy,Escherichia_coli_MINF_9A,13,0.6256460263286202,NCTC_13441,Snippy / NCTC_13441 (NZ_LT632320.1)
Snippy,Escherichia_coli_MINF_9A,13,0.7638225255972696,MRSN346595,Snippy / MRSN346595 (NZ_CP018109.1)
Snippy,Escherichia_coli_MINF_9A,13,0.9168210628961482,CE10,Snippy / CE10 (NC_017646.1)
Snippy,Escherichia_coli_MINF_9A,13,0.8586055582642613,MRSN346647,Snippy / MRSN346647 (CP018206.1)
Snippy,Escherichia_coli_MINF_9A,13,0.8800585080448562,VR50,Snippy / VR50 (NZ_CP011134.1)
Snippy,Escherichia_coli_MINF_9A,13,0.9771818625060946,ST648,Snippy / ST648 (NZ_CP008697.1)
Snippy,Escherichia_coli_MINF_9A,13,0.8011701608971233,S21,Snippy / S21 (CP010230.1)
Snippy,Escherichia_coli_MINF_9A,13,0.8915650901999025,SMS-3-5,Snippy / SMS-3-5 (NC_010498.1)
Snippy,Escherichia_coli_MINF_9A,13,0.8355923939541687,09-00049,Snippy / 09-00049 (NZ_CP015228.1)
Snippy,Escherichia_coli_MINF_9A,13,0.9784495368113116,ECONIH1,Snippy / ECONIH1 (NZ_CP009859.1)
Snippy,Escherichia_coli_MINF_9A,13,0.6298391028766456,EC958,Snippy / EC958 (NZ_HG941718.1)
Snippy,Escherichia_coli_MINF_9A,13,0.8453437347635301,UMN026,Snippy / UMN026 (CU928163.2)
Snippy,Escherichia_coli_MINF_9A,13,0.6533398342272062,S88,Snippy / S88 (NC_011742.1)
Snippy,Escherichia_coli_MINF_9A,13,0.7645051194539251,H7,Snippy / H7 (CP010171.1)
Snippy,Escherichia_coli_MINF_9A,13,0.7474402730375427,W3110,Snippy / W3110 (NC_007779.1)
Snippy,Escherichia_coli_MINF_9A,13,0.6070209653827401,NGF1,Snippy / NGF1 (NZ_CP016007.1)
Snippy,Escherichia_coli_MINF_9A,13,0.7805948317893711,Y5,Snippy / Y5 (NZ_CP013483.1)
Snippy,Escherichia_coli_MINF_9A,13,0.8326669917113603,C1,Snippy / C1 (CP010116.1)
Snippy,Escherichia_coli_MINF_9A,13,0.7108727450024378,S1,Snippy / S1 (CP010226.1)
Snippy,Escherichia_coli_MINF_9A,13,0.7328132618235007,H6,Snippy / H6 (CP010170.1)
Pandora illumina no denovo,Escherichia_coli_MSB1_1A,13,0.9047805642633228,PRG,Pandora illumina no denovo / PRG
Pandora illumina with denovo,Escherichia_coli_MSB1_1A,13,0.9047805642633228,PRG,Pandora illumina with denovo / PRG
Snippy,Escherichia_coli_MSB1_1A,13,0.6489028213166145,LF82,Snippy / LF82 (NC_011993.1)
Snippy,Escherichia_coli_MSB1_1A,13,0.6603448275862069,JJ1886,Snippy / JJ1886 (NC_022648.1)
Snippy,Escherichia_coli_MSB1_1A,13,0.8160658307210031,C4,Snippy / C4 (CP010121.1)
Snippy,Escherichia_coli_MSB1_1A,13,0.8916927899686521,EcRV308Chr,Snippy / EcRV308Chr (NZ_LM995446.1)
Snippy,Escherichia_coli_MSB1_1A,13,0.6604231974921629,NCTC_13441,Snippy / NCTC_13441 (NZ_LT632320.1)
Snippy,Escherichia_coli_MSB1_1A,13,0.9581504702194358,MRSN346595,Snippy / MRSN346595 (NZ_CP018109.1)
Snippy,Escherichia_coli_MSB1_1A,13,0.9120689655172414,CE10,Snippy / CE10 (NC_017646.1)
Snippy,Escherichia_coli_MSB1_1A,13,0.8847962382445141,MRSN346647,Snippy / MRSN346647 (CP018206.1)
Snippy,Escherichia_coli_MSB1_1A,13,0.9686520376175548,VR50,Snippy / VR50 (NZ_CP011134.1)
Snippy,Escherichia_coli_MSB1_1A,13,0.9355799373040752,ST648,Snippy / ST648 (NZ_CP008697.1)
Snippy,Escherichia_coli_MSB1_1A,13,0.8985109717868338,S21,Snippy / S21 (CP010230.1)
Snippy,Escherichia_coli_MSB1_1A,13,0.8923197492163009,SMS-3-5,Snippy / SMS-3-5 (NC_010498.1)
Snippy,Escherichia_coli_MSB1_1A,13,0.924921630094044,09-00049,Snippy / 09-00049 (NZ_CP015228.1)
Snippy,Escherichia_coli_MSB1_1A,13,0.9412225705329154,ECONIH1,Snippy / ECONIH1 (NZ_CP009859.1)
Snippy,Escherichia_coli_MSB1_1A,13,0.6634012539184952,EC958,Snippy / EC958 (NZ_HG941718.1)
Snippy,Escherichia_coli_MSB1_1A,13,0.8666927899686521,UMN026,Snippy / UMN026 (CU928163.2)
Snippy,Escherichia_coli_MSB1_1A,13,0.6894200626959248,S88,Snippy / S88 (NC_011742.1)
Snippy,Escherichia_coli_MSB1_1A,13,0.8950626959247648,H7,Snippy / H7 (CP010171.1)
Snippy,Escherichia_coli_MSB1_1A,13,0.9044670846394984,W3110,Snippy / W3110 (NC_007779.1)
Snippy,Escherichia_coli_MSB1_1A,13,0.6434952978056426,NGF1,Snippy / NGF1 (NZ_CP016007.1)
Snippy,Escherichia_coli_MSB1_1A,13,0.9339341692789968,Y5,Snippy / Y5 (NZ_CP013483.1)
Snippy,Escherichia_coli_MSB1_1A,13,0.8609717868338558,C1,Snippy / C1 (CP010116.1)
Snippy,Escherichia_coli_MSB1_1A,13,0.8416927899686519,S1,Snippy / S1 (CP010226.1)
Snippy,Escherichia_coli_MSB1_1A,13,0.8750783699059561,H6,Snippy / H6 (CP010170.1)
Pandora illumina no denovo,Escherichia_coli_MSB1_3B,13,0.8904361348695836,PRG,Pandora illumina no denovo / PRG
Pandora illumina with denovo,Escherichia_coli_MSB1_3B,13,0.8929808439951933,PRG,Pandora illumina with denovo / PRG
Snippy,Escherichia_coli_MSB1_3B,13,0.6841026366013996,LF82,Snippy / LF82 (NC_011993.1)
Snippy,Escherichia_coli_MSB1_3B,13,0.7043896232416766,JJ1886,Snippy / JJ1886 (NC_022648.1)
Snippy,Escherichia_coli_MSB1_3B,13,0.8665441436346929,C4,Snippy / C4 (CP010121.1)
Snippy,Escherichia_coli_MSB1_3B,13,0.7873754152823921,EcRV308Chr,Snippy / EcRV308Chr (NZ_LM995446.1)
Snippy,Escherichia_coli_MSB1_3B,13,0.7048844277938786,NCTC_13441,Snippy / NCTC_13441 (NZ_LT632320.1)
Snippy,Escherichia_coli_MSB1_3B,13,0.7974835654202305,MRSN346595,Snippy / MRSN346595 (NZ_CP018109.1)
Snippy,Escherichia_coli_MSB1_3B,13,0.9127023397186684,CE10,Snippy / CE10 (NC_017646.1)
Snippy,Escherichia_coli_MSB1_3B,13,0.9397045309959708,MRSN346647,Snippy / MRSN346647 (CP018206.1)
Snippy,Escherichia_coli_MSB1_3B,13,0.9024528168516294,VR50,Snippy / VR50 (NZ_CP011134.1)
Snippy,Escherichia_coli_MSB1_3B,13,0.9397752173605712,ST648,Snippy / ST648 (NZ_CP008697.1)
Snippy,Escherichia_coli_MSB1_3B,13,0.8486604933908249,S21,Snippy / S21 (CP010230.1)
Snippy,Escherichia_coli_MSB1_3B,13,0.8962324167668057,SMS-3-5,Snippy / SMS-3-5 (NC_010498.1)
Snippy,Escherichia_coli_MSB1_3B,13,0.8759454301265286,09-00049,Snippy / 09-00049 (NZ_CP015228.1)
Snippy,Escherichia_coli_MSB1_3B,13,0.9396338446313706,ECONIH1,Snippy / ECONIH1 (NZ_CP009859.1)
Snippy,Escherichia_coli_MSB1_3B,13,0.7064395278150845,EC958,Snippy / EC958 (NZ_HG941718.1)
Snippy,Escherichia_coli_MSB1_3B,13,0.9106524351452604,UMN026,Snippy / UMN026 (CU928163.2)
Snippy,Escherichia_coli_MSB1_3B,13,0.7221319007563441,S88,Snippy / S88 (NC_011742.1)
Snippy,Escherichia_coli_MSB1_3B,13,0.8066727928182653,H7,Snippy / H7 (CP010171.1)
Snippy,Escherichia_coli_MSB1_3B,13,0.7987559199830353,W3110,Snippy / W3110 (NC_007779.1)
Snippy,Escherichia_coli_MSB1_3B,13,0.6872835230084117,NGF1,Snippy / NGF1 (NZ_CP016007.1)
Snippy,Escherichia_coli_MSB1_3B,13,0.8170636884145048,Y5,Snippy / Y5 (NZ_CP013483.1)
Snippy,Escherichia_coli_MSB1_3B,13,0.914186753375274,C1,Snippy / C1 (CP010116.1)
Snippy,Escherichia_coli_MSB1_3B,13,0.7585353785254825,S1,Snippy / S1 (CP010226.1)
Snippy,Escherichia_coli_MSB1_3B,13,0.7975542517848307,H6,Snippy / H6 (CP010170.1)
Pandora illumina no denovo,Escherichia_coli_MSB1_4E,13,0.8417490185460945,PRG,Pandora illumina no denovo / PRG
Pandora illumina with denovo,Escherichia_coli_MSB1_4E,13,0.8441857316908081,PRG,Pandora illumina with denovo / PRG
Snippy,Escherichia_coli_MSB1_4E,13,0.8597536212264789,LF82,Snippy / LF82 (NC_011993.1)
Snippy,Escherichia_coli_MSB1_4E,13,0.9677812373087856,JJ1886,Snippy / JJ1886 (NC_022648.1)
Snippy,Escherichia_coli_MSB1_4E,13,0.7621497224854474,C4,Snippy / C4 (CP010121.1)
Snippy,Escherichia_coli_MSB1_4E,13,0.6787599837552457,EcRV308Chr,Snippy / EcRV308Chr (NZ_LM995446.1)
Snippy,Escherichia_coli_MSB1_4E,13,0.9752267496954108,NCTC_13441,Snippy / NCTC_13441 (NZ_LT632320.1)
Snippy,Escherichia_coli_MSB1_4E,13,0.656017327737918,MRSN346595,Snippy / MRSN346595 (NZ_CP018109.1)
Snippy,Escherichia_coli_MSB1_4E,13,0.88723433058075,CE10,Snippy / CE10 (NC_017646.1)
Snippy,Escherichia_coli_MSB1_4E,13,0.7966698253688913,MRSN346647,Snippy / MRSN346647 (CP018206.1)
Snippy,Escherichia_coli_MSB1_4E,13,0.8582645187491539,VR50,Snippy / VR50 (NZ_CP011134.1)
Snippy,Escherichia_coli_MSB1_4E,13,0.9160687694598622,ST648,Snippy / ST648 (NZ_CP008697.1)
Snippy,Escherichia_coli_MSB1_4E,13,0.7241099228374169,S21,Snippy / S21 (CP010230.1)
Snippy,Escherichia_coli_MSB1_4E,13,0.8917016380127251,SMS-3-5,Snippy / SMS-3-5 (NC_010498.1)
Snippy,Escherichia_coli_MSB1_4E,13,0.7812373087857046,09-00049,Snippy / 09-00049 (NZ_CP015228.1)
Snippy,Escherichia_coli_MSB1_4E,13,0.9124136997427914,ECONIH1,Snippy / ECONIH1 (NZ_CP009859.1)
Snippy,Escherichia_coli_MSB1_4E,13,0.9761743603627996,EC958,Snippy / EC958 (NZ_HG941718.1)
Snippy,Escherichia_coli_MSB1_4E,13,0.8005956409909301,UMN026,Snippy / UMN026 (CU928163.2)
Snippy,Escherichia_coli_MSB1_4E,13,0.9263571138486528,S88,Snippy / S88 (NC_011742.1)
Snippy,Escherichia_coli_MSB1_4E,13,0.6931095167185596,H7,Snippy / H7 (CP010171.1)
Snippy,Escherichia_coli_MSB1_4E,13,0.6912142953837823,W3110,Snippy / W3110 (NC_007779.1)
Snippy,Escherichia_coli_MSB1_4E,13,0.866928387708136,NGF1,Snippy / NGF1 (NZ_CP016007.1)
Snippy,Escherichia_coli_MSB1_4E,13,0.6876945986191959,Y5,Snippy / Y5 (NZ_CP013483.1)
Snippy,Escherichia_coli_MSB1_4E,13,0.7647218085826452,C1,Snippy / C1 (CP010116.1)
Snippy,Escherichia_coli_MSB1_4E,13,0.6860701231893868,S1,Snippy / S1 (CP010226.1)
Snippy,Escherichia_coli_MSB1_4E,13,0.6757817788005956,H6,Snippy / H6 (CP010170.1)
Pandora illumina no denovo,Escherichia_coli_MSB1_4I,13,0.8630779178790818,PRG,Pandora illumina no denovo / PRG
Pandora illumina with denovo,Escherichia_coli_MSB1_4I,13,0.8706757193663109,PRG,Pandora illumina with denovo / PRG
Snippy,Escherichia_coli_MSB1_4I,13,0.6935822825735531,LF82,Snippy / LF82 (NC_011993.1)
Snippy,Escherichia_coli_MSB1_4I,13,0.7153249272550921,JJ1886,Snippy / JJ1886 (NC_022648.1)
Snippy,Escherichia_coli_MSB1_4I,13,0.8578241189783382,C4,Snippy / C4 (CP010121.1)
Snippy,Escherichia_coli_MSB1_4I,13,0.7969608794051083,EcRV308Chr,Snippy / EcRV308Chr (NZ_LM995446.1)
Snippy,Escherichia_coli_MSB1_4I,13,0.7171839637892015,NCTC_13441,Snippy / NCTC_13441 (NZ_LT632320.1)
Snippy,Escherichia_coli_MSB1_4I,13,0.7890397672162949,MRSN346595,Snippy / MRSN346595 (NZ_CP018109.1)
Snippy,Escherichia_coli_MSB1_4I,13,0.9429356611703849,CE10,Snippy / CE10 (NC_017646.1)
Snippy,Escherichia_coli_MSB1_4I,13,0.8914484319430973,MRSN346647,Snippy / MRSN346647 (CP018206.1)
Snippy,Escherichia_coli_MSB1_4I,13,0.9036534109279016,VR50,Snippy / VR50 (NZ_CP011134.1)
Snippy,Escherichia_coli_MSB1_4I,13,0.9567571936631104,ST648,Snippy / ST648 (NZ_CP008697.1)
Snippy,Escherichia_coli_MSB1_4I,13,0.8297769156159069,S21,Snippy / S21 (CP010230.1)
Snippy,Escherichia_coli_MSB1_4I,13,0.9201422567086972,SMS-3-5,Snippy / SMS-3-5 (NC_010498.1)
Snippy,Escherichia_coli_MSB1_4I,13,0.8570966698997737,09-00049,Snippy / 09-00049 (NZ_CP015228.1)
Snippy,Escherichia_coli_MSB1_4I,13,0.9574038150662788,ECONIH1,Snippy / ECONIH1 (NZ_CP009859.1)
Snippy,Escherichia_coli_MSB1_4I,13,0.7188813449725185,EC958,Snippy / EC958 (NZ_HG941718.1)
Snippy,Escherichia_coli_MSB1_4I,13,0.8832848367280957,UMN026,Snippy / UMN026 (CU928163.2)
Snippy,Escherichia_coli_MSB1_4I,13,0.7350468800517297,S88,Snippy / S88 (NC_011742.1)
Snippy,Escherichia_coli_MSB1_4I,13,0.7932428063368897,H7,Snippy / H7 (CP010171.1)
Snippy,Escherichia_coli_MSB1_4I,13,0.8055286129970902,W3110,Snippy / W3110 (NC_007779.1)
Snippy,Escherichia_coli_MSB1_4I,13,0.6892984157775622,NGF1,Snippy / NGF1 (NZ_CP016007.1)
Snippy,Escherichia_coli_MSB1_4I,13,0.8089233753637245,Y5,Snippy / Y5 (NZ_CP013483.1)
Snippy,Escherichia_coli_MSB1_4I,13,0.8619463304235371,C1,Snippy / C1 (CP010116.1)
Snippy,Escherichia_coli_MSB1_4I,13,0.7826543808600065,S1,Snippy / S1 (CP010226.1)
Snippy,Escherichia_coli_MSB1_4I,13,0.8026996443582283,H6,Snippy / H6 (CP010170.1)
Pandora illumina no denovo,Escherichia_coli_MSB1_6C,13,0.8932425141623954,PRG,Pandora illumina no denovo / PRG
Pandora illumina with denovo,Escherichia_coli_MSB1_6C,13,0.8925681143782034,PRG,Pandora illumina with denovo / PRG
Snippy,Escherichia_coli_MSB1_6C,13,0.7027245751281359,LF82,Snippy / LF82 (NC_011993.1)
Snippy,Escherichia_coli_MSB1_6C,13,0.7134475316967899,JJ1886,Snippy / JJ1886 (NC_022648.1)
Snippy,Escherichia_coli_MSB1_6C,13,0.8844753169678986,C4,Snippy / C4 (CP010121.1)
Snippy,Escherichia_coli_MSB1_6C,13,0.8048961424332344,EcRV308Chr,Snippy / EcRV308Chr (NZ_LM995446.1)
Snippy,Escherichia_coli_MSB1_6C,13,0.7166846506609118,NCTC_13441,Snippy / NCTC_13441 (NZ_LT632320.1)
Snippy,Escherichia_coli_MSB1_6C,13,0.8095495009441597,MRSN346595,Snippy / MRSN346595 (NZ_CP018109.1)
Snippy,Escherichia_coli_MSB1_6C,13,0.9190720258969516,CE10,Snippy / CE10 (NC_017646.1)
Snippy,Escherichia_coli_MSB1_6C,13,0.952050175343944,MRSN346647,Snippy / MRSN346647 (CP018206.1)
Snippy,Escherichia_coli_MSB1_6C,13,0.9068653898030752,VR50,Snippy / VR50 (NZ_CP011134.1)
Snippy,Escherichia_coli_MSB1_6C,13,0.9446992176962504,ST648,Snippy / ST648 (NZ_CP008697.1)
Snippy,Escherichia_coli_MSB1_6C,13,0.8666037226868087,S21,Snippy / S21 (CP010230.1)
Snippy,Escherichia_coli_MSB1_6C,13,0.909697868896682,SMS-3-5,Snippy / SMS-3-5 (NC_010498.1)
Snippy,Escherichia_coli_MSB1_6C,13,0.8893984353925006,09-00049,Snippy / 09-00049 (NZ_CP015228.1)
Snippy,Escherichia_coli_MSB1_6C,13,0.9434852980847046,ECONIH1,Snippy / ECONIH1 (NZ_CP009859.1)
Snippy,Escherichia_coli_MSB1_6C,13,0.7177636903156192,EC958,Snippy / EC958 (NZ_HG941718.1)
Snippy,Escherichia_coli_MSB1_6C,13,0.9260183436741299,UMN026,Snippy / UMN026 (CU928163.2)
Snippy,Escherichia_coli_MSB1_6C,13,0.7294308065821419,S88,Snippy / S88 (NC_011742.1)
Snippy,Escherichia_coli_MSB1_6C,13,0.8237118964121931,H7,Snippy / H7 (CP010171.1)
Snippy,Escherichia_coli_MSB1_6C,13,0.8163609387644996,W3110,Snippy / W3110 (NC_007779.1)
Snippy,Escherichia_coli_MSB1_6C,13,0.7084569732937686,NGF1,Snippy / NGF1 (NZ_CP016007.1)
Snippy,Escherichia_coli_MSB1_6C,13,0.8284326949015376,Y5,Snippy / Y5 (NZ_CP013483.1)
Snippy,Escherichia_coli_MSB1_6C,13,0.9330995414081468,C1,Snippy / C1 (CP010116.1)
Snippy,Escherichia_coli_MSB1_6C,13,0.776706231454006,S1,Snippy / S1 (CP010226.1)
Snippy,Escherichia_coli_MSB1_6C,13,0.8164283787429188,H6,Snippy / H6 (CP010170.1)
Pandora illumina no denovo,Escherichia_coli_MSB1_7A,13,0.8891465677179963,PRG,Pandora illumina no denovo / PRG
Pandora illumina with denovo,Escherichia_coli_MSB1_7A,13,0.8901404717731248,PRG,Pandora illumina with denovo / PRG
Snippy,Escherichia_coli_MSB1_7A,13,0.6945401537238272,LF82,Snippy / LF82 (NC_011993.1)
Snippy,Escherichia_coli_MSB1_7A,13,0.7196527961834084,JJ1886,Snippy / JJ1886 (NC_022648.1)
Snippy,Escherichia_coli_MSB1_7A,13,0.8704611714815796,C4,Snippy / C4 (CP010121.1)
Snippy,Escherichia_coli_MSB1_7A,13,0.7925390935595017,EcRV308Chr,Snippy / EcRV308Chr (NZ_LM995446.1)
Snippy,Escherichia_coli_MSB1_7A,13,0.7226345083487941,NCTC_13441,Snippy / NCTC_13441 (NZ_LT632320.1)
Snippy,Escherichia_coli_MSB1_7A,13,0.7969122714020673,MRSN346595,Snippy / MRSN346595 (NZ_CP018109.1)
Snippy,Escherichia_coli_MSB1_7A,13,0.9151868539623642,CE10,Snippy / CE10 (NC_017646.1)
Snippy,Escherichia_coli_MSB1_7A,13,0.9395043731778424,MRSN346647,Snippy / MRSN346647 (CP018206.1)
Snippy,Escherichia_coli_MSB1_7A,13,0.9092234296315927,VR50,Snippy / VR50 (NZ_CP011134.1)
Snippy,Escherichia_coli_MSB1_7A,13,0.9434137291280148,ST648,Snippy / ST648 (NZ_CP008697.1)
Snippy,Escherichia_coli_MSB1_7A,13,0.851775775245163,S21,Snippy / S21 (CP010230.1)
Snippy,Escherichia_coli_MSB1_7A,13,0.9045189504373178,SMS-3-5,Snippy / SMS-3-5 (NC_010498.1)
Snippy,Escherichia_coli_MSB1_7A,13,0.8823880201431222,09-00049,Snippy / 09-00049 (NZ_CP015228.1)
Snippy,Escherichia_coli_MSB1_7A,13,0.9438775510204082,ECONIH1,Snippy / ECONIH1 (NZ_CP009859.1)
Snippy,Escherichia_coli_MSB1_7A,13,0.7240922342963159,EC958,Snippy / EC958 (NZ_HG941718.1)
Snippy,Escherichia_coli_MSB1_7A,13,0.9120726212562948,UMN026,Snippy / UMN026 (CU928163.2)
Snippy,Escherichia_coli_MSB1_7A,13,0.7361516034985423,S88,Snippy / S88 (NC_011742.1)
Snippy,Escherichia_coli_MSB1_7A,13,0.8103631062814737,H7,Snippy / H7 (CP010171.1)
Snippy,Escherichia_coli_MSB1_7A,13,0.8037370792472833,W3110,Snippy / W3110 (NC_007779.1)
Snippy,Escherichia_coli_MSB1_7A,13,0.6979194275112642,NGF1,Snippy / NGF1 (NZ_CP016007.1)
Snippy,Escherichia_coli_MSB1_7A,13,0.8128809965544659,Y5,Snippy / Y5 (NZ_CP013483.1)
Snippy,Escherichia_coli_MSB1_7A,13,0.9149218128809966,C1,Snippy / C1 (CP010116.1)
Snippy,Escherichia_coli_MSB1_7A,13,0.7645772594752187,S1,Snippy / S1 (CP010226.1)
Snippy,Escherichia_coli_MSB1_7A,13,0.8032069970845481,H6,Snippy / H6 (CP010170.1)
Pandora illumina no denovo,Escherichia_coli_MSB1_7C,13,0.8961592178770951,PRG,Pandora illumina no denovo / PRG
Pandora illumina with denovo,Escherichia_coli_MSB1_7C,13,0.9026536312849162,PRG,Pandora illumina with denovo / PRG
Snippy,Escherichia_coli_MSB1_7C,13,0.7116620111731844,LF82,Snippy / LF82 (NC_011993.1)
Snippy,Escherichia_coli_MSB1_7C,13,0.7133379888268156,JJ1886,Snippy / JJ1886 (NC_022648.1)
Snippy,Escherichia_coli_MSB1_7C,13,0.9187849162011174,C4,Snippy / C4 (CP010121.1)
Snippy,Escherichia_coli_MSB1_7C,13,0.8098463687150838,EcRV308Chr,Snippy / EcRV308Chr (NZ_LM995446.1)
Snippy,Escherichia_coli_MSB1_7C,13,0.7119413407821229,NCTC_13441,Snippy / NCTC_13441 (NZ_LT632320.1)
Snippy,Escherichia_coli_MSB1_7C,13,0.7921787709497207,MRSN346595,Snippy / MRSN346595 (NZ_CP018109.1)
Snippy,Escherichia_coli_MSB1_7C,13,0.9381284916201116,CE10,Snippy / CE10 (NC_017646.1)
Snippy,Escherichia_coli_MSB1_7C,13,0.9371508379888268,MRSN346647,Snippy / MRSN346647 (CP018206.1)
Snippy,Escherichia_coli_MSB1_7C,13,0.9137569832402236,VR50,Snippy / VR50 (NZ_CP011134.1)
Snippy,Escherichia_coli_MSB1_7C,13,0.9496508379888268,ST648,Snippy / ST648 (NZ_CP008697.1)
Snippy,Escherichia_coli_MSB1_7C,13,0.8766061452513967,S21,Snippy / S21 (CP010230.1)
Snippy,Escherichia_coli_MSB1_7C,13,0.9113128491620112,SMS-3-5,Snippy / SMS-3-5 (NC_010498.1)
Snippy,Escherichia_coli_MSB1_7C,13,0.8891759776536313,09-00049,Snippy / 09-00049 (NZ_CP015228.1)
Snippy,Escherichia_coli_MSB1_7C,13,0.9486033519553072,ECONIH1,Snippy / ECONIH1 (NZ_CP009859.1)
Snippy,Escherichia_coli_MSB1_7C,13,0.7136173184357542,EC958,Snippy / EC958 (NZ_HG941718.1)
Snippy,Escherichia_coli_MSB1_7C,13,0.9749301675977654,UMN026,Snippy / UMN026 (CU928163.2)
Snippy,Escherichia_coli_MSB1_7C,13,0.7395949720670391,S88,Snippy / S88 (NC_011742.1)
Snippy,Escherichia_coli_MSB1_7C,13,0.8251396648044693,H7,Snippy / H7 (CP010171.1)
Snippy,Escherichia_coli_MSB1_7C,13,0.8215782122905028,W3110,Snippy / W3110 (NC_007779.1)
Snippy,Escherichia_coli_MSB1_7C,13,0.7092877094972067,NGF1,Snippy / NGF1 (NZ_CP016007.1)
Snippy,Escherichia_coli_MSB1_7C,13,0.8269553072625698,Y5,Snippy / Y5 (NZ_CP013483.1)
Snippy,Escherichia_coli_MSB1_7C,13,0.9131983240223464,C1,Snippy / C1 (CP010116.1)
Snippy,Escherichia_coli_MSB1_7C,13,0.7828910614525141,S1,Snippy / S1 (CP010226.1)
Snippy,Escherichia_coli_MSB1_7C,13,0.8182262569832403,H6,Snippy / H6 (CP010170.1)
Pandora illumina no denovo,Escherichia_coli_MSB1_8B,13,0.8871517338143916,PRG,Pandora illumina no denovo / PRG
Pandora illumina with denovo,Escherichia_coli_MSB1_8B,13,0.8832765417251286,PRG,Pandora illumina with denovo / PRG
Snippy,Escherichia_coli_MSB1_8B,13,0.6950624707690252,LF82,Snippy / LF82 (NC_011993.1)
Snippy,Escherichia_coli_MSB1_8B,13,0.7090265250217145,JJ1886,Snippy / JJ1886 (NC_022648.1)
Snippy,Escherichia_coli_MSB1_8B,13,0.8407162423999466,C4,Snippy / C4 (CP010121.1)
Snippy,Escherichia_coli_MSB1_8B,13,0.7908064408365071,EcRV308Chr,Snippy / EcRV308Chr (NZ_LM995446.1)
Snippy,Escherichia_coli_MSB1_8B,13,0.710362798155943,NCTC_13441,Snippy / NCTC_13441 (NZ_LT632320.1)
Snippy,Escherichia_coli_MSB1_8B,13,0.7949488875526157,MRSN346595,Snippy / MRSN346595 (NZ_CP018109.1)
Snippy,Escherichia_coli_MSB1_8B,13,0.9331195296318568,CE10,Snippy / CE10 (NC_017646.1)
Snippy,Escherichia_coli_MSB1_8B,13,0.8852141377697601,MRSN346647,Snippy / MRSN346647 (CP018206.1)
Snippy,Escherichia_coli_MSB1_8B,13,0.90899979955903,VR50,Snippy / VR50 (NZ_CP011134.1)
Snippy,Escherichia_coli_MSB1_8B,13,0.9749448787332132,ST648,Snippy / ST648 (NZ_CP008697.1)
Snippy,Escherichia_coli_MSB1_8B,13,0.8465958441905526,S21,Snippy / S21 (CP010230.1)
Snippy,Escherichia_coli_MSB1_8B,13,0.9212266987372218,SMS-3-5,Snippy / SMS-3-5 (NC_010498.1)
Snippy,Escherichia_coli_MSB1_8B,13,0.8759938531435826,09-00049,Snippy / 09-00049 (NZ_CP015228.1)
Snippy,Escherichia_coli_MSB1_8B,13,0.973074096345293,ECONIH1,Snippy / ECONIH1 (NZ_CP009859.1)
Snippy,Escherichia_coli_MSB1_8B,13,0.7134362263646691,EC958,Snippy / EC958 (NZ_HG941718.1)
Snippy,Escherichia_coli_MSB1_8B,13,0.8833433553818401,UMN026,Snippy / UMN026 (CU928163.2)
Snippy,Escherichia_coli_MSB1_8B,13,0.7318767956170241,S88,Snippy / S88 (NC_011742.1)
Snippy,Escherichia_coli_MSB1_8B,13,0.8092470100888621,H7,Snippy / H7 (CP010171.1)
Snippy,Escherichia_coli_MSB1_8B,13,0.8019643215073161,W3110,Snippy / W3110 (NC_007779.1)
Snippy,Escherichia_coli_MSB1_8B,13,0.6935257566646622,NGF1,Snippy / NGF1 (NZ_CP016007.1)
Snippy,Escherichia_coli_MSB1_8B,13,0.8156611211331596,Y5,Snippy / Y5 (NZ_CP013483.1)
Snippy,Escherichia_coli_MSB1_8B,13,0.8616289169506247,C1,Snippy / C1 (CP010116.1)
Snippy,Escherichia_coli_MSB1_8B,13,0.7629451459878399,S1,Snippy / S1 (CP010226.1)
Snippy,Escherichia_coli_MSB1_8B,13,0.7928776641945614,H6,Snippy / H6 (CP010170.1)
Pandora illumina no denovo,Escherichia_coli_MSB1_8G,13,0.8950593932057199,PRG,Pandora illumina no denovo / PRG
Pandora illumina with denovo,Escherichia_coli_MSB1_8G,13,0.8911250662026179,PRG,Pandora illumina with denovo / PRG
Snippy,Escherichia_coli_MSB1_8G,13,0.6633880608307483,LF82,Snippy / LF82 (NC_011993.1)
Snippy,Escherichia_coli_MSB1_8G,13,0.6708027540289022,JJ1886,Snippy / JJ1886 (NC_022648.1)
Snippy,Escherichia_coli_MSB1_8G,13,0.8275705530755845,C4,Snippy / C4 (CP010121.1)
Snippy,Escherichia_coli_MSB1_8G,13,0.9002042823636226,EcRV308Chr,Snippy / EcRV308Chr (NZ_LM995446.1)
Snippy,Escherichia_coli_MSB1_8G,13,0.6736778391465537,NCTC_13441,Snippy / NCTC_13441 (NZ_LT632320.1)
Snippy,Escherichia_coli_MSB1_8G,13,0.9631535144132556,MRSN346595,Snippy / MRSN346595 (NZ_CP018109.1)
Snippy,Escherichia_coli_MSB1_8G,13,0.9138987667398047,CE10,Snippy / CE10 (NC_017646.1)
Snippy,Escherichia_coli_MSB1_8G,13,0.8916546871453431,MRSN346647,Snippy / MRSN346647 (CP018206.1)
Snippy,Escherichia_coli_MSB1_8G,13,0.9709465082847848,VR50,Snippy / VR50 (NZ_CP011134.1)
Snippy,Escherichia_coli_MSB1_8G,13,0.9338730422940152,ST648,Snippy / ST648 (NZ_CP008697.1)
Snippy,Escherichia_coli_MSB1_8G,13,0.906862374215026,S21,Snippy / S21 (CP010230.1)
Snippy,Escherichia_coli_MSB1_8G,13,0.8955890141484452,SMS-3-5,Snippy / SMS-3-5 (NC_010498.1)
Snippy,Escherichia_coli_MSB1_8G,13,0.9306953166376636,09-00049,Snippy / 09-00049 (NZ_CP015228.1)
Snippy,Escherichia_coli_MSB1_8G,13,0.9396232125293184,ECONIH1,Snippy / ECONIH1 (NZ_CP009859.1)
Snippy,Escherichia_coli_MSB1_8G,13,0.6745101006279791,EC958,Snippy / EC958 (NZ_HG941718.1)
Snippy,Escherichia_coli_MSB1_8G,13,0.8706211697056819,UMN026,Snippy / UMN026 (CU928163.2)
Snippy,Escherichia_coli_MSB1_8G,13,0.6993266248013922,S88,Snippy / S88 (NC_011742.1)
Snippy,Escherichia_coli_MSB1_8G,13,0.9030037073465992,H7,Snippy / H7 (CP010171.1)
Snippy,Escherichia_coli_MSB1_8G,13,0.9132934856624044,W3110,Snippy / W3110 (NC_007779.1)
Snippy,Escherichia_coli_MSB1_8G,13,0.658999773019596,NGF1,Snippy / NGF1 (NZ_CP016007.1)
Snippy,Escherichia_coli_MSB1_8G,13,0.9417416963002194,Y5,Snippy / Y5 (NZ_CP013483.1)
Snippy,Escherichia_coli_MSB1_8G,13,0.8678217447227056,C1,Snippy / C1 (CP010116.1)
Snippy,Escherichia_coli_MSB1_8G,13,0.8520087765756224,S1,Snippy / S1 (CP010226.1)
Snippy,Escherichia_coli_MSB1_8G,13,0.8853748959673148,H6,Snippy / H6 (CP010170.1)
Pandora illumina no denovo,Escherichia_coli_MSB1_9D,13,0.8998425196850394,PRG,Pandora illumina no denovo / PRG
Pandora illumina with denovo,Escherichia_coli_MSB1_9D,13,0.9017322834645668,PRG,Pandora illumina with denovo / PRG
Snippy,Escherichia_coli_MSB1_9D,13,0.7285826771653543,LF82,Snippy / LF82 (NC_011993.1)
Snippy,Escherichia_coli_MSB1_9D,13,0.7149606299212599,JJ1886,Snippy / JJ1886 (NC_022648.1)
Snippy,Escherichia_coli_MSB1_9D,13,0.8899212598425197,C4,Snippy / C4 (CP010121.1)
Snippy,Escherichia_coli_MSB1_9D,13,0.9149606299212598,EcRV308Chr,Snippy / EcRV308Chr (NZ_LM995446.1)
Snippy,Escherichia_coli_MSB1_9D,13,0.7140157480314959,NCTC_13441,Snippy / NCTC_13441 (NZ_LT632320.1)
Snippy,Escherichia_coli_MSB1_9D,13,0.8809448818897638,MRSN346595,Snippy / MRSN346595 (NZ_CP018109.1)
Snippy,Escherichia_coli_MSB1_9D,13,0.929527559055118,CE10,Snippy / CE10 (NC_017646.1)
Snippy,Escherichia_coli_MSB1_9D,13,0.9271653543307088,MRSN346647,Snippy / MRSN346647 (CP018206.1)
Snippy,Escherichia_coli_MSB1_9D,13,0.968031496062992,VR50,Snippy / VR50 (NZ_CP011134.1)
Snippy,Escherichia_coli_MSB1_9D,13,0.9418897637795276,ST648,Snippy / ST648 (NZ_CP008697.1)
Snippy,Escherichia_coli_MSB1_9D,13,0.9539370078740156,S21,Snippy / S21 (CP010230.1)
Snippy,Escherichia_coli_MSB1_9D,13,0.927952755905512,SMS-3-5,Snippy / SMS-3-5 (NC_010498.1)
Snippy,Escherichia_coli_MSB1_9D,13,0.9605511811023622,09-00049,Snippy / 09-00049 (NZ_CP015228.1)
Snippy,Escherichia_coli_MSB1_9D,13,0.9433070866141732,ECONIH1,Snippy / ECONIH1 (NZ_CP009859.1)
Snippy,Escherichia_coli_MSB1_9D,13,0.7146456692913385,EC958,Snippy / EC958 (NZ_HG941718.1)
Snippy,Escherichia_coli_MSB1_9D,13,0.9028346456692914,UMN026,Snippy / UMN026 (CU928163.2)
Snippy,Escherichia_coli_MSB1_9D,13,0.7481889763779528,S88,Snippy / S88 (NC_011742.1)
Snippy,Escherichia_coli_MSB1_9D,13,0.9292125984251968,H7,Snippy / H7 (CP010171.1)
Snippy,Escherichia_coli_MSB1_9D,13,0.9285039370078739,W3110,Snippy / W3110 (NC_007779.1)
Snippy,Escherichia_coli_MSB1_9D,13,0.7201574803149606,NGF1,Snippy / NGF1 (NZ_CP016007.1)
Snippy,Escherichia_coli_MSB1_9D,13,0.9181889763779528,Y5,Snippy / Y5 (NZ_CP013483.1)
Snippy,Escherichia_coli_MSB1_9D,13,0.9092913385826772,C1,Snippy / C1 (CP010116.1)
Snippy,Escherichia_coli_MSB1_9D,13,0.9071653543307088,S1,Snippy / S1 (CP010226.1)
Snippy,Escherichia_coli_MSB1_9D,13,0.9482677165354332,H6,Snippy / H6 (CP010170.1)
Pandora illumina no denovo,Escherichia_coli_MSB2_1A,13,0.7510817001781623,PRG,Pandora illumina no denovo / PRG
Pandora illumina with denovo,Escherichia_coli_MSB2_1A,13,0.8282853991685756,PRG,Pandora illumina with denovo / PRG
Snippy,Escherichia_coli_MSB2_1A,13,0.9037074743361332,LF82,Snippy / LF82 (NC_011993.1)
Snippy,Escherichia_coli_MSB2_1A,13,0.894205480614236,JJ1886,Snippy / JJ1886 (NC_022648.1)
Snippy,Escherichia_coli_MSB2_1A,13,0.8265886145753797,C4,Snippy / C4 (CP010121.1)
Snippy,Escherichia_coli_MSB2_1A,13,0.7867141766352761,EcRV308Chr,Snippy / EcRV308Chr (NZ_LM995446.1)
Snippy,Escherichia_coli_MSB2_1A,13,0.8920844998727412,NCTC_13441,Snippy / NCTC_13441 (NZ_LT632320.1)
Snippy,Escherichia_coli_MSB2_1A,13,0.7605836939000594,MRSN346595,Snippy / MRSN346595 (NZ_CP018109.1)
Snippy,Escherichia_coli_MSB2_1A,13,0.919911767201154,CE10,Snippy / CE10 (NC_017646.1)
Snippy,Escherichia_coli_MSB2_1A,13,0.8676508017307203,MRSN346647,Snippy / MRSN346647 (CP018206.1)
Snippy,Escherichia_coli_MSB2_1A,13,0.8973445321116484,VR50,Snippy / VR50 (NZ_CP011134.1)
Snippy,Escherichia_coli_MSB2_1A,13,0.9395096292525664,ST648,Snippy / ST648 (NZ_CP008697.1)
Snippy,Escherichia_coli_MSB2_1A,13,0.8285399168575549,S21,Snippy / S21 (CP010230.1)
Snippy,Escherichia_coli_MSB2_1A,13,0.9146517349622464,SMS-3-5,Snippy / SMS-3-5 (NC_010498.1)
Snippy,Escherichia_coli_MSB2_1A,13,0.8471197081530499,09-00049,Snippy / 09-00049 (NZ_CP015228.1)
Snippy,Escherichia_coli_MSB2_1A,13,0.9398489861712056,ECONIH1,Snippy / ECONIH1 (NZ_CP009859.1)
Snippy,Escherichia_coli_MSB2_1A,13,0.894205480614236,EC958,Snippy / EC958 (NZ_HG941718.1)
Snippy,Escherichia_coli_MSB2_1A,13,0.8778315092898956,UMN026,Snippy / UMN026 (CU928163.2)
Snippy,Escherichia_coli_MSB2_1A,13,0.9251717994400612,S88,Snippy / S88 (NC_011742.1)
Snippy,Escherichia_coli_MSB2_1A,13,0.8021549164333588,H7,Snippy / H7 (CP010171.1)
Snippy,Escherichia_coli_MSB2_1A,13,0.7908712988886061,W3110,Snippy / W3110 (NC_007779.1)
Snippy,Escherichia_coli_MSB2_1A,13,0.8967506575040298,NGF1,Snippy / NGF1 (NZ_CP016007.1)
Snippy,Escherichia_coli_MSB2_1A,13,0.8020700772036989,Y5,Snippy / Y5 (NZ_CP013483.1)
Snippy,Escherichia_coli_MSB2_1A,13,0.8393993382540087,C1,Snippy / C1 (CP010116.1)
Snippy,Escherichia_coli_MSB2_1A,13,0.757444642402647,S1,Snippy / S1 (CP010226.1)
Snippy,Escherichia_coli_MSB2_1A,13,0.7644014592347501,H6,Snippy / H6 (CP010170.1)
Pandora illumina no denovo,H131800734,13,0.8783244680851063,PRG,Pandora illumina no denovo / PRG
Pandora illumina with denovo,H131800734,13,0.8783244680851063,PRG,Pandora illumina with denovo / PRG
Snippy,H131800734,13,0.6297650709219859,LF82,Snippy / LF82 (NC_011993.1)
Snippy,H131800734,13,0.6347517730496454,JJ1886,Snippy / JJ1886 (NC_022648.1)
Snippy,H131800734,13,0.8344414893617021,C4,Snippy / C4 (CP010121.1)
Snippy,H131800734,13,0.9312943262411348,EcRV308Chr,Snippy / EcRV308Chr (NZ_LM995446.1)
Snippy,H131800734,13,0.6335328014184397,NCTC_13441,Snippy / NCTC_13441 (NZ_LT632320.1)
Snippy,H131800734,13,0.8687943262411347,MRSN346595,Snippy / MRSN346595 (NZ_CP018109.1)
Snippy,H131800734,13,0.9235372340425532,CE10,Snippy / CE10 (NC_017646.1)
Snippy,H131800734,13,0.8798758865248227,MRSN346647,Snippy / MRSN346647 (CP018206.1)
Snippy,H131800734,13,0.9617686170212766,VR50,Snippy / VR50 (NZ_CP011134.1)
Snippy,H131800734,13,0.9175531914893617,ST648,Snippy / ST648 (NZ_CP008697.1)
Snippy,H131800734,13,0.9285239361702128,S21,Snippy / S21 (CP010230.1)
Snippy,H131800734,13,0.9214317375886524,SMS-3-5,Snippy / SMS-3-5 (NC_010498.1)
Snippy,H131800734,13,0.9366134751773052,09-00049,Snippy / 09-00049 (NZ_CP015228.1)
Snippy,H131800734,13,0.9222074468085106,ECONIH1,Snippy / ECONIH1 (NZ_CP009859.1)
Snippy,H131800734,13,0.6344193262411347,EC958,Snippy / EC958 (NZ_HG941718.1)
Snippy,H131800734,13,0.8480718085106383,UMN026,Snippy / UMN026 (CU928163.2)
Snippy,H131800734,13,0.6551418439716312,S88,Snippy / S88 (NC_011742.1)
Snippy,H131800734,13,0.92364804964539,H7,Snippy / H7 (CP010171.1)
Snippy,H131800734,13,0.9479166666666666,W3110,Snippy / W3110 (NC_007779.1)
Snippy,H131800734,13,0.6160239361702128,NGF1,Snippy / NGF1 (NZ_CP016007.1)
Snippy,H131800734,13,0.8864140070921985,Y5,Snippy / Y5 (NZ_CP013483.1)
Snippy,H131800734,13,0.8620345744680851,C1,Snippy / C1 (CP010116.1)
Snippy,H131800734,13,0.9187721631205674,S1,Snippy / S1 (CP010226.1)
Snippy,H131800734,13,0.9589982269503546,H6,Snippy / H6 (CP010170.1)
Pandora illumina no denovo,ST38,13,0.8470937632583793,PRG,Pandora illumina no denovo / PRG
Pandora illumina with denovo,ST38,13,0.8435299109036911,PRG,Pandora illumina with denovo / PRG
Snippy,ST38,13,0.6012728044123886,LF82,Snippy / LF82 (NC_011993.1)
Snippy,ST38,13,0.6240135765803988,JJ1886,Snippy / JJ1886 (NC_022648.1)
Snippy,ST38,13,0.8326686465846415,C4,Snippy / C4 (CP010121.1)
Snippy,ST38,13,0.7394145099703012,EcRV308Chr,Snippy / EcRV308Chr (NZ_LM995446.1)
Snippy,ST38,13,0.6268137462876539,NCTC_13441,Snippy / NCTC_13441 (NZ_LT632320.1)
Snippy,ST38,13,0.7387356809503606,MRSN346595,Snippy / MRSN346595 (NZ_CP018109.1)
Snippy,ST38,13,0.8857870173949937,CE10,Snippy / CE10 (NC_017646.1)
Snippy,ST38,13,0.921086126431905,MRSN346647,Snippy / MRSN346647 (CP018206.1)
Snippy,ST38,13,0.8762834111158252,VR50,Snippy / VR50 (NZ_CP011134.1)
Snippy,ST38,13,0.920661858294442,ST648,Snippy / ST648 (NZ_CP008697.1)
Snippy,ST38,13,0.8099278744166313,S21,Snippy / S21 (CP010230.1)
Snippy,ST38,13,0.8684768773865083,SMS-3-5,Snippy / SMS-3-5 (NC_010498.1)
Snippy,ST38,13,0.8380144251166738,09-00049,Snippy / 09-00049 (NZ_CP015228.1)
Snippy,ST38,13,0.9175222740772168,ECONIH1,Snippy / ECONIH1 (NZ_CP009859.1)
Snippy,ST38,13,0.6280865507000424,EC958,Snippy / EC958 (NZ_HG941718.1)
Snippy,ST38,13,0.8866355536699194,UMN026,Snippy / UMN026 (CU928163.2)
Snippy,ST38,13,0.6384386932541366,S88,Snippy / S88 (NC_011742.1)
Snippy,ST38,13,0.7615613067458634,H7,Snippy / H7 (CP010171.1)
Snippy,ST38,13,0.7521425540941875,W3110,Snippy / W3110 (NC_007779.1)
Snippy,ST38,13,0.6060246075519728,NGF1,Snippy / NGF1 (NZ_CP016007.1)
Snippy,ST38,13,0.7637675010606704,Y5,Snippy / Y5 (NZ_CP013483.1)
Snippy,ST38,13,0.9040305473058974,C1,Snippy / C1 (CP010116.1)
Snippy,ST38,13,0.7117522274077217,S1,Snippy / S1 (CP010226.1)
Snippy,ST38,13,0.7513788714467543,H6,Snippy / H6 (CP010170.1)
